Unnamed: 0,Time,Frame,EyeTrackingEnabled,EyeCalibrationValid,EyeTrackingEnabledAndValid,EyeTrackingDataValid,GazeInputSource,EyeGazeOrigin.x,EyeGazeOrigin.y,EyeGazeOrigin.z,EyeGazeDirection.x,EyeGazeDirection.y,EyeGazeDirection.z,EyeHitInfo.distance,EyeHitPosition.x,EyeHitPosition.y,EyeHitPosition.z,EyeHitNormal.x,EyeHitNormal.y,EyeHitNormal.z,LocalEyeHitPosition.x,LocalEyeHitPosition.y,LocalEyeHitPosition.z,HeadGazeOrigin.x,HeadGazeOrigin.y,HeadGazeOrigin.z,HeadRotation.x,HeadRotation.y,HeadRotation.z,HeadRotation.w,HeadEulerAngles.x,HeadEulerAngles.y,HeadEulerAngles.z,HeadMovementDirection.x,HeadMovementDirection.y,HeadMovementDirection.z,HeadVelocity.x,HeadVelocity.y,HeadVelocity.z,transform.position.x,transform.position.y,transform.position.z,localTransform.position.x,localTransform.position.y,localTransform.position.z,localXAxis.x,localXAxis.y,localXAxis.z,localYAxis.x,localYAxis.y,localYAxis.z,localZAxis.x,localZAxis.y,localZAxis.z,Movement,GazeAngleX,GazeAngleY,TargetAngleX,TargetAngleY,globalTargetVector.x,globalTargetVector.y,globalTargetVector.z,localEyeGazeX,localEyeGazeY,localEyeGazeZ,CalibratedGazeAngleX,CalibratedGazeAngleY,cosineError,euclideanError,recalibratedEuclideanError
301,05/15/2023 15:36:34.965815,483,True,True,True,True,Eyes,0.03530357,0.06990203,4.430324,0.3274317,-0.237273,0.9145983,0.0,0.0,0.0,0.0,0.0,0.0,0.0,1.109303,-1.2316,-4.571738,0.04567365,0.0614896,4.862336,0.1240789,0.1182831,-0.01687559,0.9850527,14.38526,13.66529,359.7697,0.01193048,0.01568716,0.9998031,0.06548914,-0.003469167,0.9489765,1.138682,-0.5790145,7.281913,0.4903281,0.02980721,2.686626,0.9714487,-0.003893806,-0.237218,0.06259957,0.9686393,0.2404563,0.2288424,-0.2484407,0.941227,static,5.85743516976092,0.6097307593216794,10.343046286286894,0.6356512831332448,1.09300835,-0.6405041,2.4195770000000003,0.10204783116195107,0.010586054093303876,0.9947231879626893,6.8111625812289205,-0.36368432976514586,4.485391074123054,4.485686007987637,3.670541400564914
302,05/15/2023 15:36:34.985824,484,True,True,True,True,Eyes,0.03593817,0.06937079,4.449507,0.3307716,-0.236963,0.9134762,0.0,0.0,0.0,0.0,0.0,0.0,0.0,1.133429,-1.188918,-4.598792,0.04477024,0.05953254,4.882778,0.1193395,0.1201953,-0.01710944,0.9854027,13.8457,13.87265,359.7031,0.01203375,0.01551939,0.9998046,0.0636955,-0.004856104,0.9495116,1.138682,-0.5790145,7.281913,0.4867685,0.002680123,2.668947,0.9705207,-0.005031268,-0.2409653,0.06240748,0.9709307,0.231082,0.2327979,-0.2393079,0.9426224,static,5.85994236438398,0.0953715498320721,10.336126661482389,0.0575356816226835,1.09391176,-0.63854704,2.3991350000000002,0.10209694180463838,0.0016558486921329774,0.9947731175203965,6.826615183063036,-0.8934437904850814,4.476343906805954,4.476344201970346,3.636073812992189
303,05/15/2023 15:36:35.004742,485,True,True,True,True,Eyes,0.03652582,0.06894298,4.468729,0.3338369,-0.2367821,0.9124074,0.0,0.0,0.0,0.0,0.0,0.0,0.0,1.151467,-1.202621,-4.611782,0.04353168,0.05902961,4.902584,0.1204112,0.1214483,-0.0172074,0.985117,13.97024,14.0226,359.7252,0.01211821,0.01534008,0.9998063,0.06177759,-0.006158462,0.9500889,1.138682,-0.5790145,7.281913,0.4859766,0.004517615,2.651691,0.9699084,-0.004655125,-0.2434254,0.06315006,0.9704102,0.2330586,0.2351376,-0.2414179,0.9415029,static,5.899916182329193,0.22755063426940625,10.385371929031546,0.09761319193573033,1.09515032,-0.6380441099999999,2.3793290000000002,0.10279028480848101,0.003950460723291069,0.9946952565815546,6.86458072737222,-0.7585051470964207,4.487330110163008,4.487337405917387,3.623383680499332
304,05/15/2023 15:36:35.015707,486,True,True,True,True,Eyes,0.0370611,0.0686212,4.487964,0.3369202,-0.2368957,0.9112437,0.0,0.0,0.0,0.0,0.0,0.0,0.0,1.17379,-1.213204,-4.625,0.0425415,0.06103557,4.922878,0.1209911,0.1230401,-0.01813595,0.9848317,14.05036,14.19943,359.6487,0.01218466,0.01515607,0.9998084,0.05983387,-0.007072391,0.9507489,1.138682,-0.5790145,7.281913,0.4839786,0.002559602,2.634766,0.9690644,-0.00594821,-0.2467362,0.06549523,0.9700645,0.2338488,0.237959,-0.2427746,0.9404446,static,5.916053088714461,0.3085105907528458,10.40859458027427,0.05566124114924735,1.0961405,-0.64005007,2.3590350000000004,0.10306974307967827,0.0053558220914732,0.9946596492607076,6.87921662439637,-0.6756087690648791,4.499584535314482,4.499651302821297,3.6043396875538014
305,05/15/2023 15:36:35.035719,487,True,True,True,True,Eyes,0.03756631,0.0684806,4.507238,0.3398228,-0.2375546,0.9099935,0.0,0.0,0.0,0.0,0.0,0.0,0.0,1.20052,-1.253839,-4.628224,0.0417927,0.06332441,4.942475,0.1246812,0.1251604,-0.01873597,0.9840928,14.48258,14.45373,359.6647,0.01223349,0.01497344,0.9998106,0.05784968,-0.007613374,0.9514094,1.138682,-0.5790145,7.281913,0.478168,0.01588184,2.619129,0.9679676,-0.005665563,-0.251011,0.06808615,0.9682071,0.2407057,0.2416669,-0.2500857,0.9375789,static,5.84701598561081,0.7012863456720774,10.346403422581426,0.34742513644443096,1.0968893,-0.64233891,2.3394380000000004,0.10186508900807291,0.01217578257297798,0.9947236537769484,6.798115415398709,-0.2690933736240184,4.513246461212634,4.513280964372267,3.601450104495926
306,05/15/2023 15:36:35.045442,488,True,True,True,True,Eyes,0.03805234,0.06847169,4.526549,0.3428021,-0.2379601,0.9087693,0.0,0.0,0.0,0.0,0.0,0.0,0.0,1.220858,-1.320155,-4.626221,0.04157139,0.06752491,4.962755,0.1307513,0.1266928,-0.01891368,0.983105,15.18147,14.65437,359.7591,0.01226621,0.01480087,0.9998129,0.05589432,-0.007578372,0.952149,1.138682,-0.5790145,7.281913,0.4745462,0.03828216,2.602595,0.9671825,-0.004057773,-0.2540506,0.07031877,0.9650927,0.2522921,0.2441586,-0.261877,0.933706,static,5.835517407097023,1.3666697611757535,10.3335512715691,0.8427158392810733,1.0971106099999999,-0.6465394099999999,2.3191580000000007,0.10164437269994318,0.02372709725961661,0.9945377699881375,6.769602493652192,0.41645553209172537,4.528383199375862,4.5284474556084255,3.5893493478763774
307,05/15/2023 15:36:35.066093,489,True,True,True,True,Eyes,0.03852528,0.06849604,4.545838,0.3456316,-0.2382305,0.907626,0.0,0.0,0.0,0.0,0.0,0.0,0.0,1.254051,-1.292568,-4.646851,0.04155905,0.07063688,4.982959,0.1273132,0.1294024,-0.0203136,0.9831754,14.80913,14.94211,359.5855,0.01228467,0.01464348,0.9998151,0.05399877,-0.007150424,0.9529514,1.138682,-0.5790145,7.281913,0.4671577,0.0153569,2.586976,0.9656848,-0.006994389,-0.2596229,0.07289295,0.9667574,0.2450852,0.2492781,-0.2555998,0.9340927,static,5.728343755948804,0.9978887483456104,10.236192861833365,0.34011727253131735,1.09712295,-0.64965138,2.298954,0.09979699301509133,0.017328621487965046,0.9948568786450052,6.668173262867585,0.03984691507229632,4.555324566596287,4.555586337214908,3.580632087519254
308,05/15/2023 15:36:35.086045,490,True,True,True,True,Eyes,0.03900865,0.0687153,4.565185,0.3484513,-0.238055,0.9065934,0.0,0.0,0.0,0.0,0.0,0.0,0.0,1.269999,-1.281271,-4.665869,0.04156886,0.07142743,5.001805,0.1254777,0.1307193,-0.01911856,0.983261,14.58127,15.10922,359.7163,0.01229059,0.01450119,0.9998172,0.05217765,-0.006648331,0.9536428,1.138682,-0.5790145,7.281913,0.4648647,-0.001014948,2.570899,0.9650939,-0.004792356,-0.2618603,0.0704018,0.9677796,0.2417564,0.2522645,-0.2517531,0.9343356,static,5.741307255304017,0.7671373227147421,10.249361830821355,-0.022619415933555032,1.09711314,-0.65044193,2.2801080000000002,0.10002823419272316,0.013321523072387403,0.9948954587330103,6.6873285908862625,-0.19816252431146886,4.575857638533166,4.576709709177894,3.566356149531546
309,05/15/2023 15:36:35.105889,491,True,True,True,True,Eyes,0.03953574,0.06901468,4.584578,0.3512634,-0.2371264,0.905751,0.0,0.0,0.0,0.0,0.0,0.0,0.0,1.282074,-1.242074,-4.695384,0.04227978,0.07621227,5.022499,0.1202414,0.1317219,-0.01734172,0.9838142,13.95495,15.23417,359.8557,0.01228682,0.01438118,0.9998191,0.0504971,-0.005591642,0.954463,1.138682,-0.5790145,7.281913,0.4642817,-0.03951085,2.553283,0.9646972,-0.002445225,-0.2633501,0.06579889,0.9704825,0.2320218,0.2550093,-0.2411589,0.9363828,static,5.791773239814569,0.18081914608711588,10.30589840059951,-0.8865544000594647,1.0964022199999999,-0.65522677,2.2594140000000005,0.10091293861282788,0.003139773894313261,0.9948901951461456,6.754096345373199,-0.8034395770849643,4.634978727320749,4.6386002472993075,3.552774396624127
310,05/15/2023 15:36:35.116261,492,True,True,True,True,Eyes,0.04012625,0.06929499,4.603942,0.3541461,-0.2364111,0.9048151,0.0,0.0,0.0,0.0,0.0,0.0,0.0,1.303702,-1.146695,-4.735557,0.04378375,0.07816798,5.043017,0.1095014,0.133873,-0.01465171,0.9848212,12.68564,15.48526,0.02701118,0.01227733,0.01428426,0.9998208,0.04904855,-0.004358005,0.9553756,1.138682,-0.5790145,7.281913,0.4573401,-0.103343,2.534464,0.9637267,0.0004599266,-0.2668906,0.0581772,0.9755895,0.2117558,0.2604731,-0.2196016,0.9401749,static,5.723135159808411,-1.0617275870034542,10.22885968964985,-2.334947157477061,1.09489825,-0.65718248,2.2388960000000004,0.09970458081423081,-0.018437250602649752,0.9948462684713171,6.714306218192347,-2.080985964304534,4.671673291263265,4.682162066124137,3.5237171270366745
311,05/15/2023 15:36:35.135526,493,True,True,True,True,Eyes,0.04080901,0.06968709,4.623281,0.3571518,-0.2365519,0.903596,0.0,0.0,0.0,0.0,0.0,0.0,0.0,1.320665,-1.193713,-4.739215,0.04586231,0.0779822,5.061728,0.1133445,0.1359152,-0.01005712,0.9841641,13.05187,15.79998,0.6478499,0.01226626,0.01420664,0.9998221,0.04787717,-0.003255608,0.9561461,1.138682,-0.5790145,7.281913,0.4459684,-0.09542739,2.519351,0.9628518,0.01101477,-0.2698056,0.05060621,0.9741037,0.2203654,0.2652459,-0.2258331,0.9373601,static,5.594768054728246,-0.7617173584318772,10.038348323069231,-2.1691991776417434,1.09281969,-0.6569967,2.2201850000000007,0.09748348408903129,-0.013230766039406178,0.9951491636999568,6.574269277582162,-1.7682503715195437,4.650866000902312,4.661159799083878,3.4872056977633856
312,05/15/2023 15:36:35.145754,494,True,True,True,True,Eyes,0.0415783,0.07017302,4.642586,0.3602654,-0.2370929,0.9022171,0.0,0.0,0.0,0.0,0.0,0.0,0.0,1.334495,-1.289315,-4.730595,0.04844005,0.08112849,5.080631,0.1219657,0.1375631,-0.007053173,0.9829299,13.98737,16.07647,1.16273,0.01225851,0.01415098,0.9998232,0.04705281,-0.001883966,0.9567946,1.138682,-0.5790145,7.281913,0.4367931,-0.06521213,2.504998,0.9620533,0.01969041,-0.2721502,0.0474215,0.9701493,0.2378269,0.2687092,-0.241708,0.9324015,static,5.531191203557663,0.09442396075031355,9.89114252484931,-1.491233169895736,1.09024195,-0.66014299,2.201282,0.09638748660147795,0.0016403348632941794,0.9953424832328652,6.487216868143103,-0.8847236003706672,4.631243746186817,4.639340907930936,3.4575372354189127
313,05/15/2023 15:36:35.165654,495,True,True,True,True,Eyes,0.04241575,0.07071306,4.661811,0.363368,-0.2385963,0.9005752,0.0,0.0,0.0,0.0,0.0,0.0,0.0,1.378605,-1.332921,-4.725905,0.05124449,0.083987,5.09919,0.1262688,0.1413223,-0.01083142,0.9818181,14.53714,16.49059,0.8535758,0.012258,0.01411867,0.9998237,0.04653753,-0.0003131473,0.9572997,1.138682,-0.5790145,7.281913,0.4224969,-0.04525065,2.491148,0.9598213,0.01442022,-0.2802409,0.05695818,0.9678777,0.2448847,0.2747702,-0.2510076,0.9281684,static,5.333607866584001,0.5928206891925675,9.625729008542395,-1.0406391629179301,1.08743751,-0.6630015,2.182723,0.09294970792804746,0.010301697307285529,0.9956176050479469,6.270755414045898,-0.3656487795245271,4.586181933797147,4.5924388929743065,3.422201022360071
314,05/15/2023 15:36:35.185669,496,True,True,True,True,Eyes,0.04330483,0.07135387,4.681013,0.3664877,-0.2404197,0.8988243,0.0,0.0,0.0,0.0,0.0,0.0,0.0,1.414898,-1.413942,-4.710618,0.05347221,0.08603949,5.116721,0.1345855,0.1441167,-0.01538603,0.9802452,15.56243,16.79766,0.5131602,0.01226714,0.01410906,0.9998239,0.0462576,0.001325763,0.9575385,1.138682,-0.5790145,7.281913,0.4131598,-0.004123032,2.477361,0.9579872,0.008627862,-0.2866809,0.0689562,0.9633,0.2594187,0.278398,-0.2682883,0.9222342,static,5.242629408016441,1.544873317920278,9.468314565416609,-0.09535635472145136,1.08520979,-0.66505399,2.1651920000000002,0.0913405803719316,0.026847158830819035,0.9954577425033679,6.153013251412681,0.617455328659257,4.52960597136634,4.532854335679283,3.3910652159167047
315,05/15/2023 15:36:35.204704,497,True,True,True,True,Eyes,0.04423592,0.07200643,4.700145,0.3693802,-0.242373,0.897114,0.0,0.0,0.0,0.0,0.0,0.0,0.0,1.4587,-1.441768,-4.709266,0.0555785,0.08924419,5.135428,0.1376398,0.1472332,-0.02179575,0.9792358,16.02053,17.08325,359.8715,0.01228732,0.01412352,0.9998236,0.0461494,0.003168646,0.9576915,1.138682,-0.5790145,7.281913,0.4047352,0.01266634,2.462338,0.9556947,-0.002156039,-0.294352,0.08321665,0.9611604,0.2631456,0.2823521,-0.2759818,0.9187553,static,5.136070271937174,1.9476890782619016,9.334257807147074,0.29472859648342153,1.0831035,-0.66825869,2.146485,0.08947002414948846,0.03385073497958342,0.9954140720308667,6.032920992352874,1.0354165456420206,4.509572235764224,4.511879534641092,3.383407070209596
316,05/15/2023 15:36:35.215902,498,True,True,True,True,Eyes,0.04519929,0.07268734,4.719225,0.3721415,-0.2445673,0.8953756,0.0,0.0,0.0,0.0,0.0,0.0,0.0,1.486068,-1.437582,-4.721279,0.05711031,0.09026489,5.153068,0.137482,0.1487953,-0.02706153,0.9788904,16.09393,17.18432,359.2804,0.01231916,0.01415917,0.9998227,0.04617371,0.004936204,0.9576264,1.138682,-0.5790145,7.281913,0.4041803,0.01440942,2.44666,0.9542552,-0.01206719,-0.2987496,0.0938939,0.9607328,0.2611064,0.2838677,-0.2772129,0.9179173,static,5.19973045669857,1.9430209635976745,9.380359370133952,0.337435281584275,1.08157169,-0.66927939,2.128845,0.0905762119030363,0.03376624424141507,0.9953168922077158,6.0987642560700355,1.028731775555098,4.4762059738436655,4.47834383384509,3.353618543487694
317,05/15/2023 15:36:35.235505,499,True,True,True,True,Eyes,0.04623949,0.07336307,4.738274,0.3747742,-0.2463498,0.8937875,0.0,0.0,0.0,0.0,0.0,0.0,0.0,1.503147,-1.466844,-4.726459,0.05885608,0.09173966,5.170939,0.1404619,0.1494766,-0.03117356,0.978241,16.50689,17.21065,358.8646,0.01236273,0.01421415,0.9998215,0.04629338,0.00668278,0.9574093,1.138682,-0.5790145,7.281913,0.4063798,0.02866572,2.430264,0.9533699,-0.01899898,-0.3012056,0.102982,0.9585974,0.2654917,0.2836909,-0.2841306,0.9158545,static,5.326914492667598,2.2872838963860533,9.492961071049137,0.6757902060118856,1.07982592,-0.67075416,2.1109740000000006,0.09276498673753944,0.03973794208752024,0.9948947548842357,6.221466576394112,1.3795015741716308,4.465229395996906,4.466861986603155,3.3463242398541415
318,05/15/2023 15:36:35.245493,500,True,True,True,True,Eyes,0.04732053,0.07400756,4.757279,0.3774157,-0.2479481,0.8922327,0.0,0.0,0.0,0.0,0.0,0.0,0.0,1.522282,-1.440903,-4.748652,0.06084028,0.09226312,5.189511,0.1375879,0.1508023,-0.03275505,0.9783943,16.20707,17.33237,358.6516,0.01242009,0.01428524,0.9998198,0.04663638,0.008308982,0.9571094,1.138682,-0.5790145,7.281913,0.4053721,0.01205653,2.413717,0.9523715,-0.02259753,-0.3041017,0.1055919,0.9599934,0.2593515,0.2860749,-0.2791096,0.9166564,static,5.380263681346097,1.9124358405144315,9.533580161488343,0.2861903610010044,1.07784172,-0.67127762,2.092402,0.09371360677236093,0.03322524159837387,0.9950446749145664,6.285922292437419,0.9919107585987916,4.4578885571009375,4.46034888140592,3.323450453067409
319,05/15/2023 15:36:35.265923,501,True,True,True,True,Eyes,0.04842157,0.07461898,4.776278,0.3800393,-0.2492831,0.8907458,0.0,0.0,0.0,0.0,0.0,0.0,0.0,1.542777,-1.427232,-4.765867,0.06288164,0.09213958,5.207514,0.135911,0.1524354,-0.03331055,0.9783568,16.02724,17.51252,358.5844,0.01249132,0.01436847,0.9998177,0.04708132,0.009743914,0.9566987,1.138682,-0.5790145,7.281913,0.4018344,0.0004233122,2.397802,0.9513077,-0.0237439,-0.3073269,0.1066145,0.9608372,0.2557836,0.2892178,-0.2760944,0.9165834,static,5.378921176321895,1.6596741027733273,9.51348011453654,0.010115098004098343,1.07580036,-0.67115408,2.0743990000000005,0.09370306529949479,0.028835296557720907,0.9951825334749637,6.29085773475084,0.7316571020258873,4.44828789679032,4.451474196688762,3.302410917233564
320,05/15/2023 15:36:35.286119,502,True,True,True,True,Eyes,0.04956666,0.0751604,4.795263,0.3827575,-0.2502446,0.8893112,0.0,0.0,0.0,0.0,0.0,0.0,0.0,1.566544,-1.417554,-4.781474,0.06498542,0.09195846,5.226215,0.1345087,0.1545202,-0.03288101,0.978238,15.8622,17.76338,358.6441,0.01257555,0.01446026,0.9998153,0.04755957,0.01099355,0.9562927,1.138682,-0.5790145,7.281913,0.3957234,-0.01144421,2.381637,0.9500847,-0.0227623,-0.3111607,0.1058995,0.9616525,0.2530015,0.2934695,-0.2733246,0.9160619,static,5.316549169953254,1.4319725623615096,9.43385446379099,-0.27531478820194877,1.07369658,-0.67097296,2.0556980000000005,0.09262950086150623,0.02488259414163925,0.9953897257656321,6.232155983329879,0.4990103308735516,4.453137036657819,4.457244998881959,3.2940025121147483
321,05/15/2023 15:36:35.305440,503,True,True,True,True,Eyes,0.0507567,0.07559942,4.814244,0.3854094,-0.2511462,0.8879105,0.0,0.0,0.0,0.0,0.0,0.0,0.0,1.592571,-1.381777,-4.803762,0.06714915,0.09073735,5.2449,0.1305443,0.1569348,-0.03186775,0.9784243,15.39415,18.05293,358.7289,0.01267303,0.01455587,0.9998127,0.04814124,0.0119582,0.9558709,1.138682,-0.5790145,7.281913,0.3883895,-0.03484672,2.365187,0.9487118,-0.02138649,-0.3154179,0.1033342,0.9638853,0.2454532,0.2987773,-0.2654578,0.9166593,static,5.218946061715487,0.9027647017846832,9.325366034077934,-0.8440878213235173,1.0715328499999999,-0.6697518499999999,2.037013,0.09095068242975113,0.015690262956967155,0.9957317231096707,6.14462018855361,-0.04308762377849784,4.456575990447327,4.462530529520968,3.280052659682068
322,05/15/2023 15:36:35.316021,504,True,True,True,True,Eyes,0.05198199,0.07592785,4.833214,0.3880585,-0.2520019,0.8865131,0.0,0.0,0.0,0.0,0.0,0.0,0.0,1.613267,-1.38596,-4.816426,0.06916936,0.08872691,5.263916,0.130684,0.1586632,-0.0313847,0.9781425,15.40346,18.26707,358.8156,0.01278399,0.01464981,0.9998099,0.04882291,0.01255778,0.9554631,1.138682,-0.5790145,7.281913,0.3839441,-0.03778732,2.348022,0.947682,-0.01992794,-0.3185934,0.1028669,0.9638734,0.2456959,0.3021875,-0.2656143,0.9154954,static,5.183781476594987,0.8533960087894528,9.286709266659509,-0.9219960771018949,1.06951264,-0.66774141,2.0179970000000003,0.0903407273203389,0.014833115321674958,0.995800364116501,6.109548906507175,-0.0928902245020331,4.464264116227047,4.470574181146016,3.283559725197434
323,05/15/2023 15:36:35.336055,505,True,True,True,True,Eyes,0.05322665,0.0761259,4.852156,0.3905526,-0.252979,0.8851386,0.0,0.0,0.0,0.0,0.0,0.0,0.0,1.63122,-1.387635,-4.830351,0.07122198,0.08639374,5.282629,0.1306393,0.1600816,-0.0311782,0.977924,15.39623,18.43932,358.8616,0.01290812,0.01473701,0.999807,0.04956941,0.01278958,0.9550439,1.138682,-0.5790145,7.281913,0.3811677,-0.04078001,2.330756,0.9468036,-0.01915392,-0.3212413,0.1028057,0.9639226,0.2455285,0.304949,-0.2654927,0.9146146,static,5.1801385000038715,0.783913382494614,9.287832242382857,-1.0023717975672903,1.06746002,-0.66540824,1.9992840000000003,0.09027897347347422,0.013625575104322704,0.9958233275382599,6.107525430810337,-0.1643357730033228,4.472634220208827,4.479281485426905,3.2888684671481694
324,05/15/2023 15:36:35.355640,506,True,True,True,True,Eyes,0.05449601,0.07619224,4.871086,0.3929845,-0.2542053,0.8837097,0.0,0.0,0.0,0.0,0.0,0.0,0.0,1.646433,-1.399787,-4.841674,0.07298838,0.08350471,5.300911,0.131714,0.1611622,-0.03121928,0.9776009,15.52092,18.57194,358.8948,0.01304434,0.01481231,0.9998041,0.05032921,0.01261636,0.9545668,1.138682,-0.5790145,7.281913,0.3800557,-0.03771859,2.313685,0.9461043,-0.01858537,-0.3233286,0.1034946,0.9633535,0.2474647,0.3068805,-0.2675901,0.9133564,static,5.210185610870977,0.8324906975455356,9.32834139188416,-0.9339752796906892,1.06569362,-0.66251921,1.9810020000000002,0.09080011260666698,0.014469174239678584,0.9957640123090755,6.137332923977627,-0.11519719872348322,4.474678651236627,4.481027681841012,3.2943789381495785
325,05/15/2023 15:36:35.366217,507,True,True,True,True,Eyes,0.05581988,0.07612794,4.890004,0.3951705,-0.2557164,0.8822978,0.0,0.0,0.0,0.0,0.0,0.0,0.0,1.659967,-1.438645,-4.846145,0.07484616,0.08047342,5.319608,0.1354658,0.1619785,-0.03170944,0.9769374,15.95937,18.67729,358.923,0.01319196,0.01487127,0.9998013,0.05111755,0.0120584,0.9540842,1.138682,-0.5790145,7.281913,0.3798909,-0.02212799,2.296193,0.945515,-0.0180712,-0.3250768,0.1058414,0.9612871,0.2544107,0.3078946,-0.2749557,0.9108239,static,5.247916134122169,1.1781205939162396,9.394137381791499,-0.5521318072696165,1.0638358399999999,-0.65948792,1.9623050000000006,0.09144622791181728,0.02047448580068162,0.9955995138688788,6.16764399450212,0.23961858975259998,4.487823963338802,4.492763515525164,3.32221737238955
326,05/15/2023 15:36:35.385700,508,True,True,True,True,Eyes,0.05716289,0.07593001,4.908899,0.3972189,-0.2575016,0.8808576,0.0,0.0,0.0,0.0,0.0,0.0,0.0,1.666815,-1.475875,-4.853322,0.07677317,0.07732458,5.338478,0.138906,0.162238,-0.03152986,0.9764168,16.34922,18.72621,359.0147,0.01335163,0.01491021,0.9997985,0.0520221,0.011142,0.9535932,1.138682,-0.5790145,7.281913,0.3819765,-0.009165347,2.278022,0.9453694,-0.01650091,-0.3255832,0.1066442,0.9594219,0.2610297,0.3080644,-0.2814911,0.9087679,static,5.336493718535068,1.452497447988535,9.518748921371733,-0.23052142048726595,1.06190883,-0.65633908,1.943435,0.09297515743209964,0.025238350777175803,0.9953485247630873,6.252234583593894,0.5195585602213781,4.5043103065946735,4.508193772820765,3.3515273975261004
327,05/15/2023 15:36:35.405838,509,True,True,True,True,Eyes,0.05853362,0.07561304,4.927791,0.3990657,-0.2594654,0.8794454,0.0,0.0,0.0,0.0,0.0,0.0,0.0,1.665056,-1.526842,-4.858359,0.07858466,0.07398065,5.356833,0.1436087,0.1617045,-0.03103016,0.9758409,16.87675,18.69233,359.1548,0.0135223,0.01492591,0.999796,0.05292979,0.009879703,0.9530631,1.138682,-0.5790145,7.281913,0.3871306,0.008871675,2.259688,0.9457776,-0.01411667,-0.3245081,0.1070053,0.9568274,0.270243,0.3066833,-0.2903139,0.9064564,static,5.494625637584553,1.8481424399222,9.721556333486326,0.22494562216018243,1.06009734,-0.65299515,1.9250800000000003,0.095703028016595,0.03210254398805017,0.9948921023873696,6.405604261121772,0.9223286829629578,4.525229742832175,4.527881515361172,3.3884924789223647
328,05/15/2023 15:36:35.415710,510,True,True,True,True,Eyes,0.0599438,0.07521416,4.946683,0.4007383,-0.2614568,0.878094,0.0,0.0,0.0,0.0,0.0,0.0,0.0,1.657818,-1.567981,-4.868427,0.08078673,0.07088786,5.375589,0.1472231,0.1607143,-0.03028348,0.9754891,17.2753,18.60396,359.2943,0.01370344,0.01491635,0.9997936,0.05386621,0.008335988,0.9525547,1.138682,-0.5790145,7.281913,0.394223,0.02102262,2.240475,0.9465077,-0.0117607,-0.3224669,0.1064041,0.9548165,0.2774952,0.3046332,-0.2969632,0.9049925,static,5.698124830761085,2.1115738269843427,9.979333915811376,0.5375967385502127,1.05789527,-0.64990236,1.9063240000000006,0.09922042457094973,0.03666375686857551,0.9943897588317031,6.6091204152918515,1.1876076078466073,4.559400777322598,4.561376448489286,3.4323247470610236
329,05/15/2023 15:36:35.435561,511,True,True,True,True,Eyes,0.06141588,0.0747256,4.965586,0.4023518,-0.2631854,0.876839,0.0,0.0,0.0,0.0,0.0,0.0,0.0,1.645383,-1.591505,-4.885838,0.08315906,0.06853546,5.394439,0.1489753,0.1592785,-0.02936218,0.9754869,17.45763,18.45633,359.4097,0.01389506,0.01488148,0.9997914,0.05486478,0.006639183,0.9520769,1.138682,-0.5790145,7.281913,0.4034688,0.02380097,2.220958,0.9475364,-0.009827732,-0.3194967,0.104742,0.9538885,0.2812933,0.3019997,-0.3000004,0.9048734,static,5.955517920372331,2.1747304929456255,10.296312085368644,0.6139886160877885,1.05552294,-0.64754996,1.887474,0.1036824073546734,0.03774257980835005,0.9938941662631642,6.87328862762671,1.2450547292465706,4.610912661033756,4.612852608640749,3.4807088403698576
330,05/15/2023 15:36:35.446224,512,True,True,True,True,Eyes,0.06295617,0.07414466,4.984476,0.403797,-0.2648134,0.8756836,0.0,0.0,0.0,0.0,0.0,0.0,0.0,1.635653,-1.590405,-4.91055,0.08628856,0.06590661,5.413544,0.1484378,0.158096,-0.02899488,0.9757721,17.3886,18.31774,359.4206,0.01409814,0.01482099,0.9997894,0.05598914,0.004775162,0.9516606,1.138682,-0.5790145,7.281913,0.4117069,0.01763242,2.20101,0.9483299,-0.009649941,-0.3171391,0.1035197,0.954251,0.2805151,0.2999234,-0.298851,0.9059438,static,6.190800200126961,2.0028025814747954,10.594946496038126,0.45899002618166157,1.05239344,-0.64492111,1.8683690000000004,0.10777461058999135,0.03474481778585449,0.9935679907720072,7.120507761696563,1.0610646082990371,4.664549299113871,4.666889949599065,3.526218700126925
331,05/15/2023 15:36:35.465674,513,True,True,True,True,Eyes,0.06456169,0.07353076,5.003405,0.4053105,-0.2661043,0.8745924,0.0,0.0,0.0,0.0,0.0,0.0,0.0,1.621088,-1.593846,-4.934707,0.08948138,0.06309485,5.432092,0.1482891,0.1565509,-0.02818401,0.9760675,17.35582,18.14537,359.4844,0.01431366,0.01473466,0.9997874,0.05725064,0.002745842,0.9512306,1.138682,-0.5790145,7.281913,0.4208377,0.01275349,2.181215,0.9493949,-0.0085894,-0.3139673,0.1014486,0.954432,0.2806559,0.2972498,-0.2983048,0.9070043,static,6.462439806093267,1.8800668146134398,10.920309507047115,0.33500265869049456,1.04920062,-0.64210935,1.8498210000000004,0.11249203162770738,0.03259922614097767,0.9931177167394507,7.404034049235736,0.9266601010157565,4.715210714542375,4.718031953749385,3.565704926696192
332,05/15/2023 15:36:35.486073,514,True,True,True,True,Eyes,0.06626165,0.07286094,5.022356,0.4066893,-0.2669798,0.8736851,0.0,0.0,0.0,0.0,0.0,0.0,0.0,1.612315,-1.579509,-4.963777,0.09327786,0.06166431,5.451695,0.1464421,0.1554438,-0.02834699,0.9765185,17.14672,18.00019,359.4102,0.01454244,0.01462481,0.9997855,0.05863218,0.0007393975,0.9509438,1.138682,-0.5790145,7.281913,0.4286799,0.000625968,2.160849,0.9500673,-0.009835682,-0.3118898,0.1008897,0.9555023,0.2771941,0.295285,-0.2948196,0.9087839,static,6.693650590069582,1.6219227016968354,11.220927881777845,0.0165977925838389,1.04540414,-0.64067881,1.8302180000000003,0.11651461329368687,0.028111331653028662,0.9927910919353858,7.649205782780378,0.6540048864199515,4.799323513444113,4.803468303198841,3.6281519477193167
333,05/15/2023 15:36:35.505184,515,True,True,True,True,Eyes,0.06804673,0.07214801,5.041322,0.4080661,-0.2675906,0.8728558,0.0,0.0,0.0,0.0,0.0,0.0,0.0,1.601824,-1.532467,-5.00319,0.09725505,0.05958078,5.471124,0.1415229,0.1542389,-0.0283849,0.9774334,16.58363,17.83156,359.2926,0.01478633,0.01449258,0.9997837,0.06021411,-0.001314433,0.95074,1.138682,-0.5790145,7.281913,0.4372234,-0.02361864,2.140002,0.9508093,-0.01183203,-0.3095507,0.09914538,0.9583311,0.2679023,0.2934823,-0.2854145,0.9123632,static,6.948974494590371,1.0307845965759135,11.547170904573832,-0.6323327957881449,1.04142695,-0.63859528,1.8107890000000006,0.12096607324020126,0.017857509714644088,0.992495963338314,7.927601435648675,0.03772231416327876,4.8826556633310165,4.889720818775712,3.6810673711231043
334,05/15/2023 15:36:35.516256,516,True,True,True,True,Eyes,0.06994962,0.07135211,5.060311,0.4093362,-0.2679044,0.8721646,0.0,0.0,0.0,0.0,0.0,0.0,0.0,1.587174,-1.50676,-5.03664,0.101363,0.05776301,5.490317,0.1386538,0.1526506,-0.02850446,0.9780902,16.25628,17.62671,359.1985,0.01504644,0.01433958,0.9997818,0.06195652,-0.00337436,0.9505957,1.138682,-0.5790145,7.281913,0.4466873,-0.03916079,2.119025,0.9517706,-0.01342873,-0.3065165,0.098091,0.9599253,0.2625293,0.2907075,-0.2799342,0.9149459,static,7.230873923493106,0.6903545631781355,11.903590590447418,-1.0587381483839486,1.0373189999999999,-0.6367775099999999,1.7915960000000002,0.12585882505824306,0.011952859426658802,0.9919761423388389,8.227165059733704,-0.3211656698468182,4.9793300330379635,4.989349292570347,3.749682365745001
335,05/15/2023 15:36:35.535802,517,True,True,True,True,Eyes,0.07193371,0.07046024,5.079272,0.4107355,-0.2683126,0.871381,0.0,0.0,0.0,0.0,0.0,0.0,0.0,1.579396,-1.470679,-5.070988,0.1061016,0.05492172,5.509812,0.1349415,0.1517882,-0.02859515,0.9787408,15.83252,17.50669,359.1061,0.0153251,0.01416554,0.9997798,0.06394778,-0.005559601,0.9505272,1.138682,-0.5790145,7.281913,0.4526193,-0.05700564,2.097695,0.9522853,-0.01500943,-0.3048399,0.09693951,0.9619462,0.2554646,0.2894052,-0.2728263,0.9175023,static,7.442669983569801,0.24969478383674243,12.17603286390186,-1.5566509480060131,1.0325804,-0.6339362199999999,1.7721010000000001,0.12953289000380194,0.004321267184759503,0.9915657852594503,8.456856574014346,-0.7812023426126984,5.052760094552771,5.066321057715543,3.7991568557862796
336,05/15/2023 15:36:35.546360,518,True,True,True,True,Eyes,0.07403428,0.06962443,5.098228,0.411969,-0.2691015,0.8705549,0.0,0.0,0.0,0.0,0.0,0.0,0.0,1.566074,-1.483727,-5.091006,0.1106479,0.05174975,5.527881,0.1358451,0.1504977,-0.02807499,0.9788302,15.9256,17.36456,359.1615,0.01562254,0.01396989,0.9997776,0.06606318,-0.007901641,0.9503784,1.138682,-0.5790145,7.281913,0.458563,-0.05631053,2.077955,0.9531245,-0.01407256,-0.302251,0.09585001,0.9615158,0.257488,0.2869956,-0.2743888,0.9177932,static,7.661495288170813,0.2832443345533124,12.444572810359935,-1.5522791849821407,1.0280341,-0.63076425,1.7540320000000005,0.13331857456483695,0.004899396166669678,0.9910610787284818,8.681945607452786,-0.7531070384121725,5.108899794878701,5.123180376879057,3.846562047843519
337,05/15/2023 15:36:35.565976,519,True,True,True,True,Eyes,0.07621337,0.06906719,5.117213,0.413235,-0.2703373,0.8695715,0.0,0.0,0.0,0.0,0.0,0.0,0.0,1.556737,-1.54347,-5.096683,0.1155671,0.05235394,5.546693,0.1409612,0.1493759,-0.02887321,0.9782551,16.52407,17.23879,359.1407,0.01594045,0.01375847,0.9997751,0.06840111,-0.00993496,0.9502214,1.138682,-0.5790145,7.281913,0.4635773,-0.04075083,2.05908,0.9537063,-0.01437833,-0.3003954,0.09860314,0.9585925,0.2671662,0.2841154,-0.284418,0.9156336,static,7.862124237872208,0.8053236758035573,12.687912984180736,-1.1337810127023666,1.0231149,-0.63136844,1.73522,0.13677647510458812,0.013922996392048359,0.9905040942055572,8.876029617079194,-0.22138860096231494,5.187542364496878,5.2008041702205725,3.9195554234359564
338,05/15/2023 15:36:35.587247,520,True,True,True,True,Eyes,0.07853316,0.06871986,5.13624,0.4144639,-0.2713407,0.8686737,0.0,0.0,0.0,0.0,0.0,0.0,0.0,1.538383,-1.601322,-5.105804,0.1205404,0.05861348,5.566159,0.145256,0.147455,-0.02930041,0.9779056,17.02173,17.01992,359.133,0.01627871,0.01354557,0.9997721,0.07083432,-0.01101059,0.9501654,1.138682,-0.5790145,7.281913,0.4719265,-0.03505754,2.040355,0.954797,-0.01446862,-0.2969061,0.1001435,0.9560844,0.2754524,0.2798819,-0.2927343,0.9143154,static,8.150428607922107,1.2363821338648684,13.023283755901822,-0.9843637259669884,1.0181415999999999,-0.63762798,1.7157540000000004,0.14174020497652767,0.021359419033163962,0.9896734746688767,9.162911297089149,0.21401096106731532,5.3391923180565675,5.3550377652405725,4.042100618649165
339,05/15/2023 15:36:35.605892,521,True,True,True,True,Eyes,0.08093399,0.06846242,5.155211,0.4157261,-0.2721848,0.867806,0.0,0.0,0.0,0.0,0.0,0.0,0.0,1.545007,-1.577645,-5.133131,0.1262342,0.06327663,5.586153,0.1422774,0.1478042,-0.03079271,0.9782448,16.70636,17.02404,358.912,0.01663979,0.01334056,0.9997685,0.07354362,-0.01139195,0.9502343,1.138682,-0.5790145,7.281913,0.4727391,-0.05488881,2.021558,0.9544114,-0.01818723,-0.2979396,0.102304,0.9576179,0.2692616,0.2804152,-0.2874667,0.9158221,static,8.232340249000318,0.90016188375639,13.162033273508987,-1.555297781955981,1.0124478,-0.64229113,1.69576,0.14317027588332637,0.015548297672457329,0.9895759353133192,9.255890493018452,-0.13464346621953704,5.484822524612409,5.507372829746479,4.156466059815587
340,05/15/2023 15:36:35.615847,522,True,True,True,True,Eyes,0.08343524,0.06832437,5.174208,0.4169039,-0.2725942,0.8671122,0.0,0.0,0.0,0.0,0.0,0.0,0.0,1.525933,-1.554419,-5.164969,0.1312377,0.06516331,5.603581,0.1394245,0.1459509,-0.03121659,0.9789202,16.38457,16.78438,358.7805,0.01702295,0.01314675,0.9997641,0.07633349,-0.01148075,0.9501346,1.138682,-0.5790145,7.281913,0.4815235,-0.0724619,2.002396,0.9554477,-0.02041882,-0.2944533,0.1018154,0.9591727,0.2638588,0.2770438,-0.2820831,0.9185183,static,8.544588069878836,0.5665014855730799,13.521391324066293,-2.072492237324032,1.0074443,-0.64417781,1.6783320000000002,0.14857192688478604,0.009777423619944825,0.988853281142753,9.586618272774718,-0.48745518049615494,5.602912406551471,5.633192567308632,4.24202562895228
341,05/15/2023 15:36:35.635999,523,True,True,True,True,Eyes,0.08597153,0.06829204,5.193253,0.4181892,-0.2722304,0.8666074,0.0,0.0,0.0,0.0,0.0,0.0,0.0,1.54047,-1.468871,-5.206979,0.1361606,0.06784783,5.623177,0.1316573,0.1462868,-0.03793729,0.9797077,15.60899,16.69283,357.8689,0.01742856,0.01296797,0.9997591,0.07925725,-0.01120604,0.9501181,1.138682,-0.5790145,7.281913,0.4878714,-0.09994116,1.981635,0.9543219,-0.03581545,-0.2966262,0.1128544,0.9624542,0.2468719,0.2766473,-0.2690709,0.922533,static,8.73002784988187,-0.050651193115850805,13.830949728374737,-2.887191176082417,1.0025214,-0.64686233,1.6587360000000002,0.1517787949180454,-0.0008737880262947584,0.9884140920298897,9.79351206908337,-1.1284663540011894,5.794849266250913,5.836554042023013,4.403863741360397
342,05/15/2023 15:36:35.646033,524,True,True,True,True,Eyes,0.08853617,0.06830079,5.212302,0.419655,-0.2714173,0.8661538,0.0,0.0,0.0,0.0,0.0,0.0,0.0,1.570681,-1.295483,-5.26524,0.1405142,0.070188,5.642996,0.116305,0.1480577,-0.0466073,0.9810097,14.00425,16.75125,356.6319,0.01785327,0.01280725,0.9997541,0.08211068,-0.01063069,0.9502442,1.138682,-0.5790145,7.281913,0.4932163,-0.1517953,1.958966,0.9518133,-0.05700471,-0.3013334,0.1258841,0.9686018,0.2143916,0.2796508,-0.2419939,0.9291041,static,8.855905106945817,-1.413359054573432,14.131856036265434,-4.430850528938461,0.9981677999999999,-0.6492025,1.6389170000000002,0.1539042841066208,-0.02437140042208409,0.9877851898028359,9.957556211636525,-2.535491231028885,6.014592418642006,6.077903668737616,4.584448264957215
343,05/15/2023 15:36:35.665882,525,True,True,True,True,Eyes,0.09108824,0.06826973,5.231354,0.4211662,-0.271363,0.8654369,0.0,0.0,0.0,0.0,0.0,0.0,0.0,1.621352,-1.188863,-5.295648,0.1437149,0.07110903,5.662186,0.1073496,0.1518271,-0.05394753,0.981078,13.12158,17.09772,355.6861,0.01829507,0.01266393,0.9997483,0.08487793,-0.009966581,0.9503785,1.138682,-0.5790145,7.281913,0.4896395,-0.1789611,1.940196,0.9480764,-0.07325633,-0.309491,0.1384506,0.9711315,0.1942553,0.286326,-0.2270181,0.9308492,static,8.710160955847565,-2.1511015534030022,14.16375975437993,-5.269974699308555,0.9949671,-0.65012353,1.6197270000000001,0.15133183978854686,-0.03710269317567502,0.9877863828269628,9.82553218768658,-3.290917661155812,6.206652917234843,6.282444552529251,4.7683210022690385
344,05/15/2023 15:36:35.685968,526,True,True,True,True,Eyes,0.09361342,0.06824604,5.250362,0.4225911,-0.2719183,0.8645676,0.0,0.0,0.0,0.0,0.0,0.0,0.0,1.658689,-1.200178,-5.302009,0.1462877,0.07019927,5.681254,0.1089361,0.1542992,-0.05872784,0.9802427,13.39665,17.3261,355.1931,0.01875033,0.01253426,0.9997419,0.08744149,-0.009461771,0.9505119,1.138682,-0.5790145,7.281913,0.4865345,-0.1688661,1.924371,0.9454856,-0.08151756,-0.3152966,0.1487526,0.9693679,0.1954443,0.2897062,-0.231691,0.9286494,static,8.58056992055055,-1.840175987366208,14.188632455302848,-5.01493458696094,0.9923943,-0.64921377,1.6006590000000003,0.14912479152220132,-0.03175254781992015,0.9883084067760749,9.683958599078633,-2.966905389827713,6.371536193415468,6.444335307802743,4.948384599367769
345,05/15/2023 15:36:35.705786,527,True,True,True,True,Eyes,0.09607766,0.06839677,5.269373,0.4238768,-0.2735386,0.8634264,0.0,0.0,0.0,0.0,0.0,0.0,0.0,1.676465,-1.283895,-5.296181,0.1481754,0.0704975,5.699257,0.1165,0.1549967,-0.06077754,0.9791374,14.29885,17.37448,355.092,0.01921536,0.01241692,0.9997348,0.08977052,-0.008965143,0.9505056,1.138682,-0.5790145,7.281913,0.4866553,-0.1421749,1.910686,0.9445642,-0.08290492,-0.3176872,0.1551334,0.9654677,0.2092984,0.2893649,-0.2469797,0.9248076,static,8.556238081957922,-1.0210543049733005,14.28951210557664,-4.255558938072524,0.9905066,-0.649512,1.582656,0.1487570009119249,-0.01762154954862602,0.9887167901660996,9.638350900566305,-2.1226587973823223,6.519006585354054,6.582738886773613,5.116890028635506
346,05/15/2023 15:36:35.715954,528,True,True,True,True,Eyes,0.0985292,0.06864604,5.288407,0.4252931,-0.2750328,0.8622544,0.0,0.0,0.0,0.0,0.0,0.0,0.0,1.69054,-1.375101,-5.289164,0.1503716,0.07499359,5.718028,0.1243407,0.1552542,-0.06308062,0.9779859,15.23591,17.36613,354.9593,0.019687,0.01231716,0.9997271,0.09177701,-0.007975036,0.9505069,1.138682,-0.5790145,7.281913,0.4888024,-0.1187657,1.896625,0.9438339,-0.08477509,-0.3193598,0.1619928,0.9611204,0.2236198,0.2879858,-0.262794,0.9208711,static,8.589441014324583,-0.15228596361690522,14.451904860039738,-3.5831542519901727,0.9883104,-0.65400809,1.563885,0.1493526015905613,-0.0026280773491427767,0.9887804639607256,9.65090382642602,-1.228983130258051,6.733754664796754,6.792594464155992,5.347123768453229
347,05/15/2023 15:36:35.735411,529,True,True,True,True,Eyes,0.1008738,0.06891332,5.307415,0.4269443,-0.2771051,0.8607737,0.0,0.0,0.0,0.0,0.0,0.0,0.0,1.729145,-1.35824,-5.302368,0.1524771,0.07759595,5.737648,0.1227009,0.1581491,-0.06511719,0.9775957,15.09974,17.68105,354.7402,0.02015991,0.01223735,0.9997189,0.09362501,-0.006748734,0.9505796,1.138682,-0.5790145,7.281913,0.4844413,-0.1287673,1.880752,0.9414972,-0.0885065,-0.3251916,0.1661266,0.9614084,0.2193073,0.2932318,-0.2605002,0.9198667,static,8.428751565701575,-0.38868348836567296,14.44418367657622,-3.9166924265717618,0.9862048999999999,-0.65661045,1.5442650000000002,0.14657613858980195,-0.006710486026874574,0.9891766471836952,9.490910855988108,-1.4676852759420622,6.909871656178729,6.973684144597018,5.525626449463654
348,05/15/2023 15:36:35.745940,530,True,True,True,True,Eyes,0.1031877,0.06919578,5.326406,0.4287411,-0.2794784,0.8591117,0.0,0.0,0.0,0.0,0.0,0.0,0.0,1.75637,-1.420861,-5.296445,0.1538206,0.07835545,5.755538,0.1278396,0.1602086,-0.06342324,0.9767127,15.66707,17.95016,355.059,0.02063042,0.01217533,0.9997103,0.09504133,-0.005541964,0.9505665,1.138682,-0.5790145,7.281913,0.4784585,-0.11808,1.867898,0.9406214,-0.08293056,-0.3291714,0.1648546,0.959269,0.2294033,0.2967394,-0.2700471,0.9159805,static,8.25999248431315,-0.019224240879341322,14.36729918111738,-3.6171649261931234,0.9848614,-0.65736995,1.5263750000000007,0.14366521025835502,-0.00033204566340891417,0.9896263017320022,9.30743395897785,-1.082239999613781,7.028491832943089,7.088326478363281,5.659335689779358
349,05/15/2023 15:36:35.766074,531,True,True,True,True,Eyes,0.105443,0.06949256,5.345342,0.4308063,-0.2821054,0.8572178,0.0,0.0,0.0,0.0,0.0,0.0,0.0,1.789406,-1.499563,-5.284025,0.1553295,0.07898167,5.774186,0.1342233,0.1629813,-0.0601861,0.9756019,16.35067,18.33518,355.596,0.02109388,0.01212968,0.9997014,0.09628059,-0.004362069,0.9505054,1.138682,-0.5790145,7.281913,0.4686387,-0.1057265,1.855366,0.9396294,-0.07368356,-0.3341664,0.1611871,0.9567235,0.2422787,0.3018529,-0.2815155,0.9108424,static,7.99779989410798,0.418264443510739,14.175587038996406,-3.2614255895840403,0.9833525,-0.65799617,1.507727,0.13913143165222008,0.007229025792685334,0.990247477844898,9.025789414471955,-0.623982541728552,7.13597506274943,7.190630900498631,5.785889854139891
350,05/15/2023 15:36:35.785969,532,True,True,True,True,Eyes,0.1076634,0.06981555,5.36422,0.4328999,-0.2849781,0.8552106,0.0,0.0,0.0,0.0,0.0,0.0,0.0,1.803187,-1.565159,-5.279566,0.1566695,0.07973173,5.791728,0.1389127,0.1645145,-0.05442527,0.9750262,16.7858,18.62035,356.3814,0.02154948,0.0120986,0.9996923,0.09726954,-0.003210008,0.950285,1.138682,-0.5790145,7.281913,0.4622426,-0.1033272,1.842443,0.9399458,-0.06042584,-0.3359325,0.1518384,0.9554823,0.2529795,0.3056911,-0.2887945,0.9072765,static,7.864792280017956,0.5662675314835237,14.083995215555023,-3.2098781375618675,0.9820125,-0.65874623,1.4901850000000003,0.13682930433559198,0.009790118185768831,0.9905462666190443,8.884763009621366,-0.46764656501554175,7.221365908083754,7.275834059902901,5.878082130141399
351,05/15/2023 15:36:35.805123,533,True,True,True,True,Eyes,0.109937,0.07015032,5.383035,0.4349897,-0.2879408,0.8531554,0.0,0.0,0.0,0.0,0.0,0.0,0.0,1.81332,-1.650265,-5.269467,0.1580498,0.08090016,5.809239,0.1454787,0.1655087,-0.0501113,0.9741313,17.4587,18.82882,357.0271,0.021996,0.01208117,0.999682,0.09809458,-0.002048437,0.9499019,1.138682,-0.5790145,7.281913,0.4582888,-0.09273252,1.829554,0.9401914,-0.04947401,-0.3370347,0.145786,0.9526496,0.2668429,0.3078742,-0.3000184,0.9028856,static,7.7988299998323285,0.969702630471684,14.062776409362215,-2.9016028306643973,0.9806322,-0.65991466,1.4726740000000005,0.13567627042690575,0.01676720675525223,0.9906113720226319,8.80656984027868,-0.0502448974067482,7.3121186979148245,7.363696802210449,5.979795110238162
352,05/15/2023 15:36:35.815996,534,True,True,True,True,Eyes,0.1121853,0.07047537,5.401786,0.436999,-0.2909985,0.8510885,0.0,0.0,0.0,0.0,0.0,0.0,0.0,1.812398,-1.707187,-5.271404,0.1602608,0.08160492,5.82706,0.149299,0.1658498,-0.04483622,0.9737521,17.79623,18.97555,357.725,0.02243495,0.01207602,0.9996718,0.09902985,-0.0009211998,0.9493514,1.138682,-0.5790145,7.281913,0.456246,-0.09324747,1.814791,0.9409671,-0.0377963,-0.3363813,0.1368412,0.951399,0.2758884,0.3096053,-0.3056326,0.9004073,static,7.812490523999565,1.026530950791539,14.111938154379144,-2.9413812210151633,0.9784212,-0.66061942,1.454853,0.1359101322672026,0.017749151623290937,0.9905621088045236,8.819252502471205,0.007873833845624456,7.391403970631614,7.444955839430257,6.058929508463857
353,05/15/2023 15:36:35.835452,535,True,True,True,True,Eyes,0.1144367,0.07078268,5.42049,0.4387832,-0.2940734,0.8491114,0.0,0.0,0.0,0.0,0.0,0.0,0.0,1.805924,-1.766201,-5.27332,0.1618987,0.08174808,5.8443,0.1536067,0.1653764,-0.04151104,0.97331,18.22466,18.99588,358.19,0.02286517,0.012081,0.9996614,0.09983274,0.0001092117,0.9486438,1.138682,-0.5790145,7.281913,0.4586743,-0.08861959,1.79978,0.941855,-0.0300004,-0.3346777,0.131612,0.9493636,0.285284,0.3091722,-0.3127438,0.8981113,static,7.928866930276624,1.2035982669942455,14.297492889033496,-2.8189172974562284,0.9767832999999999,-0.66076258,1.4376130000000007,0.1379137160634065,0.020804487430712226,0.9902257374074295,8.93497792173768,0.18678486086306045,7.478816019377034,7.532597697262094,6.147423219447062
354,05/15/2023 15:36:35.855838,536,True,True,True,True,Eyes,0.116678,0.07106249,5.439154,0.4403926,-0.2970588,0.8472369,0.0,0.0,0.0,0.0,0.0,0.0,0.0,1.793348,-1.811902,-5.281841,0.1639519,0.08171098,5.862028,0.1568765,0.1641709,-0.03965497,0.97307,18.5616,18.89934,358.4486,0.02328693,0.01209391,0.9996511,0.1005971,0.001024579,0.9478384,1.138682,-0.5790145,7.281913,0.4647617,-0.08568665,1.783082,0.9429508,-0.02566504,-0.3319413,0.1286832,0.9476345,0.2922831,0.3070576,-0.3183239,0.8968754,static,8.146022169823771,1.3198329960467254,14.60913618781392,-2.7512528574964588,0.9747300999999999,-0.66072548,1.4198850000000007,0.1416595688695205,0.022801111682142022,0.98965277414231,9.156274741179317,0.3000783606763886,7.582998227049241,7.63842803438379,6.248545443476442
355,05/15/2023 15:36:35.865765,537,True,True,True,True,Eyes,0.1189102,0.0712948,5.457771,0.4418428,-0.2999174,0.845473,0.0,0.0,0.0,0.0,0.0,0.0,0.0,1.780895,-1.825436,-5.301069,0.1659712,0.08133996,5.879709,0.1575,0.1627484,-0.03937266,0.9732197,18.62543,18.73549,358.4659,0.0237,0.01211243,0.9996408,0.101285,0.001802546,0.9469598,1.138682,-0.5790145,7.281913,0.4733396,-0.08923787,1.765332,0.9439255,-0.02537075,-0.3291822,0.1279022,0.9472871,0.2937485,0.3043774,-0.3193799,0.8974134,static,8.41793293446242,1.2025683053668594,15.009699358937429,-2.8938493769730966,0.9727108,-0.66035446,1.4022040000000002,0.14636110675404396,0.020761229771010442,0.9890133963863816,9.439944158280326,0.17129995322398361,7.700953619673632,7.760929224198832,6.3574612394928876
356,05/15/2023 15:36:35.886029,538,True,True,True,True,Eyes,0.1211372,0.07144622,5.476346,0.4431698,-0.302731,0.8437738,0.0,0.0,0.0,0.0,0.0,0.0,0.0,1.773521,-1.838147,-5.318495,0.1683453,0.08048983,5.897095,0.1584083,0.161461,-0.04115926,0.9732128,18.76099,18.55016,358.2473,0.02410425,0.01213375,0.9996306,0.1019048,0.002391321,0.9459922,1.138682,-0.5790145,7.281913,0.4822887,-0.08822381,1.747522,0.9444726,-0.02895993,-0.3273116,0.1312669,0.9464255,0.2950387,0.3012318,-0.3216211,0.8976744,static,8.695536897253858,1.1945133580747394,15.428671127365615,-2.8901290010386735,0.9703366999999999,-0.65950433,1.384818,0.15115169784673058,0.020607161946953945,0.9882956362718711,9.726760252573445,0.15481748778711402,7.8131043857788045,7.875239663817618,6.464014754306002
357,05/15/2023 15:36:35.906011,539,True,True,True,True,Eyes,0.1233957,0.07149183,5.494855,0.4446181,-0.3054815,0.8420189,0.0,0.0,0.0,0.0,0.0,0.0,0.0,1.778083,-1.840999,-5.335519,0.1704353,0.07876424,5.914673,0.1586168,0.1611611,-0.04327738,0.9731366,18.82393,18.47453,357.9957,0.02449979,0.01215418,0.9996206,0.1024715,0.002702096,0.9449568,1.138682,-0.5790145,7.281913,0.4884746,-0.08814824,1.730069,0.9443083,-0.03310389,-0.3273925,0.1353553,0.9459355,0.2947624,0.2999344,-0.3226609,0.8977357,static,8.877797738867269,1.1257274942495494,15.766708022363666,-2.9167383356800327,0.9682466999999999,-0.65777874,1.3672400000000007,0.15429846264487976,0.01941110790953121,0.987833600846935,9.916657375520646,0.07860651334823987,7.924016826042357,7.987403513045443,6.572304263744082
358,05/15/2023 15:36:35.915591,540,True,True,True,True,Eyes,0.1256362,0.07144407,5.513314,0.4460378,-0.3083369,0.8402253,0.0,0.0,0.0,0.0,0.0,0.0,0.0,1.791062,-1.850104,-5.347187,0.1725948,0.07630736,5.931912,0.1595054,0.1616095,-0.04540836,0.9728199,18.96659,18.49172,357.7703,0.02488808,0.0121696,0.9996107,0.1030984,0.002676807,0.9437876,1.138682,-0.5790145,7.281913,0.4917092,-0.08496976,1.713556,0.9436409,-0.03679316,-0.3289196,0.1399035,0.9449923,0.2956631,0.2999481,-0.3250168,0.8968809,static,8.969409928259047,1.1282639696738799,16.010965257635394,-2.8387892082747443,0.9660872,-0.65532186,1.3500010000000007,0.15587761936159175,0.019449956549775743,0.9875848240343279,10.011179745676515,0.07851660596406862,8.02035384488218,8.082141570978617,6.671439080386125
359,05/15/2023 15:36:35.935665,541,True,True,True,True,Eyes,0.1278915,0.07129774,5.531727,0.4480683,-0.3111166,0.8381177,0.0,0.0,0.0,0.0,0.0,0.0,0.0,1.812048,-1.874403,-5.350863,0.1744258,0.07402132,5.949179,0.1617613,0.1627255,-0.0474108,0.9721656,19.26559,18.59721,357.5996,0.02526855,0.01217699,0.9996009,0.1036342,0.002372924,0.9425383,1.138682,-0.5790145,7.281913,0.4925652,-0.07766888,1.698168,0.9425452,-0.03953691,-0.3317307,0.1448277,0.943171,0.2990877,0.3010538,-0.3299475,0.8947074,static,9.011587132060653,1.2837375948029575,16.175161656220858,-2.6187043428174577,0.9642562,-0.6530358199999999,1.3327340000000003,0.15659585744785012,0.022127175275906658,0.9874148798039362,10.050837602933722,0.23737890942903506,8.099611944924332,8.157564160930374,6.757555523518418
360,05/15/2023 15:36:35.955380,542,True,True,True,True,Eyes,0.1301209,0.07103754,5.550083,0.45025,-0.3139372,0.8358938,0.0,0.0,0.0,0.0,0.0,0.0,0.0,1.851066,-1.881663,-5.354557,0.1764203,0.07156634,5.966752,0.1626126,0.1654724,-0.04928746,0.9714664,19.40581,18.89723,357.451,0.02564207,0.01217358,0.9995914,0.1041821,0.001791561,0.9412252,1.138682,-0.5790145,7.281913,0.4882724,-0.07501352,1.683691,0.9403793,-0.04194642,-0.3375313,0.149578,0.9422558,0.2996339,0.3054723,-0.3322567,0.892352,static,8.886143059420103,1.275943748629349,16.172222109601655,-2.5510130478282136,0.9622617,-0.6505808399999999,1.3151610000000007,0.15443406196893394,0.02200043770894375,0.987758155707494,9.921516694597695,0.23305261259003274,8.175138019903464,8.229978508322318,6.842685129879929
361,05/15/2023 15:36:35.965749,543,True,True,True,True,Eyes,0.1323712,0.07065389,5.568388,0.4530315,-0.3166283,0.833372,0.0,0.0,0.0,0.0,0.0,0.0,0.0,1.899743,-1.90061,-5.349825,0.1779774,0.06860651,5.983777,0.1644738,0.1692135,-0.05005215,0.9704689,19.64385,19.34447,357.4753,0.02600777,0.01215649,0.9995821,0.1046193,0.0009034547,0.9398192,1.138682,-0.5790145,7.281913,0.4800181,-0.07011276,1.670985,0.9377231,-0.04148573,-0.3448975,0.1528105,0.9408863,0.3022944,0.3119684,-0.3361724,0.8886303,static,8.659757006616143,1.3470508815149052,16.02758814403826,-2.402660854620189,0.9607045999999999,-0.6476210099999999,1.2981360000000004,0.15052581773423626,0.023240454390017568,0.9883328236036306,9.68600405657519,0.31295542853891134,8.217060916854537,8.267120041082997,6.89856945574397
362,05/15/2023 15:36:35.985925,544,True,True,True,True,Eyes,0.1345771,0.07018069,5.586653,0.4559937,-0.3192213,0.8307632,0.0,0.0,0.0,0.0,0.0,0.0,0.0,1.957246,-1.91829,-5.342454,0.1796637,0.06530754,6.001326,0.1661339,0.1739158,-0.04970676,0.9693721,19.83915,19.93139,357.6493,0.02636679,0.01212295,0.999573,0.1050931,-0.0003016884,0.9383445,1.138682,-0.5790145,7.281913,0.4681881,-0.06740814,1.658622,0.9345651,-0.03858208,-0.3536941,0.1541553,0.9398575,0.3048016,0.3206622,-0.3393808,0.8843057,static,8.318509141387882,1.3602588656306238,15.763064885704338,-2.327279897697868,0.9590183,-0.64432204,1.2805870000000006,0.14463593710526432,0.023489151030606142,0.9892060921613672,9.333349381581723,0.3366215551724996,8.261834838556304,8.307788656512958,6.959713529633213
363,05/15/2023 15:36:35.995911,545,True,True,True,True,Eyes,0.13674,0.06967163,5.604914,0.4593155,-0.3215809,0.8280188,0.0,0.0,0.0,0.0,0.0,0.0,0.0,2.006397,-1.927537,-5.340424,0.1807399,0.06267802,6.018685,0.1668174,0.1779867,-0.04855445,0.9685739,19.90332,20.45434,357.8866,0.02671768,0.01207192,0.9995642,0.105405,-0.001703191,0.9368382,1.138682,-0.5790145,7.281913,0.4589743,-0.06958818,1.646107,0.9319264,-0.03467457,-0.360986,0.1534397,0.9396288,0.3058658,0.328587,-0.340434,0.8809854,static,8.066853211248198,1.2484962447748846,15.57975132200284,-2.420703154795963,0.9579420999999999,-0.64169252,1.2632280000000007,0.14029581063275381,0.02157314959812634,0.9898746494752838,9.076320175529993,0.2289509637597409,8.315701577214085,8.361020407605267,7.022484149137848
364,05/15/2023 15:36:36.015930,546,True,True,True,True,Eyes,0.1388429,0.06905225,5.623164,0.4628284,-0.3237289,0.8252209,0.0,0.0,0.0,0.0,0.0,0.0,0.0,2.066411,-1.916348,-5.342134,0.1819512,0.06129744,6.036885,0.1660081,0.1825842,-0.04972088,0.9677975,19.84526,20.98795,357.8298,0.02705946,0.01200456,0.9995559,0.1055694,-0.003128182,0.9354122,1.138682,-0.5790145,7.281913,0.450461,-0.07432762,1.633092,0.9283817,-0.03561858,-0.3699172,0.1568604,0.9399382,0.3031681,0.3369009,-0.3394811,0.8782086,static,7.814827912198761,1.0696689386219702,15.420624462912778,-2.6059291281970203,0.9567308,-0.64031194,1.2450280000000005,0.13594871637081282,0.018494843472649514,0.990543259843118,8.820586886441603,0.05222826189900909,8.401135960449777,8.447376061219055,7.115215859083521
3077,05/15/2023 15:37:21.266953,3259,True,True,True,True,Eyes,-0.631995,-0.01300113,48.98725,-0.4307947,-0.3498791,0.8318657,0.0,0.0,0.0,0.0,0.0,0.0,0.0,-24.32853,-12.54272,-41.13901,-0.6592335,-0.02843016,49.40829,0.1320818,-0.2639674,-0.002170149,0.9554427,14.55134,328.5523,355.6226,-0.01323244,-0.0001619512,0.9999122,-0.06362502,-0.004271422,0.933596,-1.553673,-0.5754815,50.94942,0.04710943,-0.07856271,1.861712,0.860633,-0.07387746,0.5038382,-0.06558365,0.9650994,0.2535388,-0.5049848,-0.2512475,0.8257513,static,4.277121424077557,-5.668754207525983,1.449523681842718,-2.4164009402117843,-0.8944395,-0.54705134,1.5411300000000026,0.07421782259079002,-0.09850466764865909,0.9923651274922448,5.336577544741266,-6.7826396841724526,4.293553142022374,4.3096532073127305,5.845787244019214
3078,05/15/2023 15:37:21.286199,3260,True,True,True,True,Eyes,-0.6330755,-0.01382848,49.00615,-0.4323381,-0.3491955,0.8313521,0.0,0.0,0.0,0.0,0.0,0.0,0.0,-24.19506,-12.615,-41.21928,-0.6605955,-0.02982512,49.42804,0.1329721,-0.262269,-0.001368905,0.9557885,14.68285,328.7584,355.7098,-0.01324148,-0.0001775773,0.9999121,-0.06293479,-0.006606631,0.9342399,-1.553673,-0.5754815,50.94942,0.03146112,-0.07859647,1.84466,0.8624263,-0.07236567,0.5009832,-0.06713214,0.964633,0.2549044,-0.5017114,-0.2534683,0.8270668,static,3.9693393904369967,-5.516644487329083,0.9770985685415443,-2.4397579548187704,-0.8930775000000001,-0.5456563799999999,1.5213800000000006,0.06890354838937604,-0.09590643296872044,0.9930026693019709,5.015001054320639,-6.61692000524937,4.277503251244672,4.2919384746476625,5.809762411684196
3079,05/15/2023 15:37:21.296971,3261,True,True,True,True,Eyes,-0.6342009,-0.0146466,49.02506,-0.4339071,-0.3481872,0.8309574,0.0,0.0,0.0,0.0,0.0,0.0,0.0,-24.19474,-12.48172,-41.28299,-0.6626005,-0.02981303,49.44719,0.1315611,-0.2620712,-0.001059983,0.9560383,14.53666,328.8044,355.7947,-0.01325093,-0.0001950496,0.999912,-0.06240042,-0.008692257,0.9348795,-1.553673,-0.5754815,50.94942,0.02241486,-0.08840904,1.82761,0.8626351,-0.07098354,0.5008214,-0.06693,0.9653811,0.2521105,-0.5013792,-0.2509993,0.8280208,static,3.8355265669609486,-5.61341307074611,0.7026731570905207,-2.769474474054008,-0.8910725,-0.54566847,1.5022300000000044,0.06657322022794102,-0.09759887668123891,0.9929966585583521,4.87926499731655,-6.712625386336999,4.2164828685918865,4.231164996722748,5.743897502295879
3080,05/15/2023 15:37:21.316699,3262,True,True,True,True,Eyes,-0.6353909,-0.01537339,49.04397,-0.4355277,-0.347266,0.830495,0.0,0.0,0.0,0.0,0.0,0.0,0.0,-24.22899,-12.38363,-41.3155,-0.6648083,-0.03045338,49.4664,0.1298351,-0.2626561,-0.003501995,0.956108,14.26655,328.723,355.5675,-0.01326097,-0.0002140425,0.9999118,-0.0620324,-0.01062511,0.9355265,-1.553673,-0.5754815,50.94942,0.01812851,-0.1010459,1.809958,0.861999,-0.07490055,0.5013458,-0.06150741,0.9662611,0.2501124,-0.5031646,-0.2464332,0.8283092,static,3.858665145151022,-5.81240230208674,0.5738544100349147,-3.195378036390089,-0.8888647000000001,-0.54502812,1.4830200000000033,0.06695109010081007,-0.10104442016275976,0.9926266034801678,4.908131308065457,-6.918226315227815,4.183666831648754,4.199856851462811,5.7136289288022795
3081,05/15/2023 15:37:21.338963,3263,True,True,True,True,Eyes,-0.6366395,-0.01583115,49.06293,-0.4372172,-0.3462333,0.8300383,0.0,0.0,0.0,0.0,0.0,0.0,0.0,-24.33751,-12.51066,-41.23591,-0.6675102,-0.02894519,49.48521,0.1308417,-0.2640374,-0.004754971,0.9555848,14.33257,328.5258,355.3716,-0.01327185,-0.0002338962,0.9999117,-0.06188065,-0.01216797,0.9361233,-1.553673,-0.5754815,50.94942,0.01721835,-0.1048024,1.793502,0.8605233,-0.07818177,0.5033759,-0.06000666,0.9657156,0.2525717,-0.5058646,-0.2475497,0.8263294,static,3.9559862762312337,-5.6652261991527295,0.5500459312623218,-3.3442475107395047,-0.8861628,-0.54653631,1.4642100000000013,0.06865475990773104,-0.09848289081876349,0.9927676473523958,5.004930515246484,-6.769535160407586,4.10524722052556,4.121573935471172,5.619483262684251
3082,05/15/2023 15:37:21.346349,3264,True,True,True,True,Eyes,-0.6379485,-0.0161149,49.0819,-0.4388821,-0.3449671,0.8296868,0.0,0.0,0.0,0.0,0.0,0.0,0.0,-24.45483,-12.42066,-41.21767,-0.6706038,-0.02300554,49.50513,0.1299559,-0.2651616,-0.004148918,0.9553972,14.24795,328.4084,355.4525,-0.01328378,-0.0002532353,0.9999115,-0.06191361,-0.01281117,0.9368445,-1.553673,-0.5754815,50.94942,0.01381588,-0.118114,1.77676,0.8593442,-0.07684635,0.5055909,-0.06099089,0.9661885,0.2505192,-0.5077476,-0.2461187,0.8256016,static,3.9667957095260293,-5.676845688183766,0.4455163671367615,-3.803266132903071,-0.8830692000000001,-0.55247596,1.4442900000000023,0.06884068427378512,-0.09868295438186607,0.992734918586147,5.016381410508177,-6.781819681847056,3.971665874433245,3.9886976016117344,5.455693217973457
3083,05/15/2023 15:37:21.366375,3265,True,True,True,True,Eyes,-0.6392516,-0.01634669,49.10079,-0.4405704,-0.3439462,0.8292157,0.0,0.0,0.0,0.0,0.0,0.0,0.0,-24.56259,-11.99619,-41.30207,-0.673341,-0.01923256,49.52409,0.1257974,-0.2658779,-0.002434984,0.9557606,13.83753,328.3955,355.7742,-0.0132969,-0.0002712901,0.9999113,-0.06212554,-0.01289373,0.9375338,-1.553673,-0.5754815,50.94942,0.007463396,-0.1392599,1.759691,0.858606,-0.07154799,0.5076185,-0.06223894,0.9683382,0.2417591,-0.5088438,-0.2391695,0.826968,static,3.8780160219977224,-6.050431307378608,0.2430077368949945,-4.524890709649357,-0.8803320000000001,-0.55624894,1.4253300000000024,0.06725744206417544,-0.10516511963253196,0.9921777446993806,4.9340633507859435,-7.1639185694845855,3.922521174072256,3.942151614040941,5.382422393086991
3084,05/15/2023 15:37:21.386245,3266,True,True,True,True,Eyes,-0.6405546,-0.01652951,49.1197,-0.4422173,-0.3426436,0.8288783,0.0,0.0,0.0,0.0,0.0,0.0,0.0,-24.86908,-12.03181,-41.12871,-0.6739372,-0.01831343,49.54142,0.1282677,-0.2682803,0.005174835,0.9547493,14.34167,328.1708,356.5121,-0.01331103,-0.0002879394,0.9999111,-0.06230742,-0.01281547,0.9379415,-1.553673,-0.5754815,50.94942,0.002952993,-0.1286155,1.746512,0.8559978,-0.05894206,0.5136083,-0.07870474,0.9670413,0.2421504,-0.5109533,-0.2477037,0.8231461,static,3.8812908106533617,-5.5118116914317605,0.09687530037130582,-4.211736000829762,-0.8797358000000001,-0.55716807,1.4080000000000013,0.06737796283894429,-0.09583268135274065,0.9931144549142147,4.923973660015635,-6.609346348402285,3.984500787387145,4.001499413439624,5.389750824710528
3085,05/15/2023 15:37:21.396499,3267,True,True,True,True,Eyes,-0.6418346,-0.01657265,49.13864,-0.4440488,-0.3408053,0.828657,0.0,0.0,0.0,0.0,0.0,0.0,0.0,-25.13019,-11.23812,-41.21785,-0.6752127,-0.01756766,49.56083,0.1219078,-0.2698895,0.01295565,0.9550552,13.87772,328.1454,357.5762,-0.01332608,-0.0003031067,0.9999109,-0.06247803,-0.01259503,0.9384048,-1.553673,-0.5754815,50.94942,-0.007054687,-0.1479664,1.72893,0.8539837,-0.04105655,0.5186774,-0.09055001,0.9699413,0.2258642,-0.5123599,-0.2398506,0.8245963,static,3.7230760078093823,-5.9352521951067505,-0.23378710974256448,-4.8916048428295635,-0.8784603000000001,-0.55791384,1.3885900000000007,0.06458758481755811,-0.10318862136611745,0.9925626253524381,4.771213568893668,-7.040737758190156,4.071944087530878,4.092183466923018,5.446907754041321
3086,05/15/2023 15:37:21.416563,3268,True,True,True,True,Eyes,-0.6430852,-0.01642663,49.15768,-0.446075,-0.3382044,0.8286343,0.0,0.0,0.0,0.0,0.0,0.0,0.0,-25.58619,-9.98895,-41.2825,-0.6755862,-0.01464814,49.58044,0.1112474,-0.2736169,0.02222253,0.9551252,12.98355,327.9056,358.9164,-0.01334182,-0.0003163172,0.9999107,-0.0625692,-0.01196873,0.938909,-1.553673,-0.5754815,50.94942,-0.01310408,-0.1813915,1.710732,0.84928,-0.0184277,0.527621,-0.1033289,0.9742603,0.2003494,-0.5177323,-0.2246712,0.8255157,static,3.7294060805928426,-6.7556864949789075,-0.4388728301633345,-6.052543445647486,-0.8780868000000001,-0.56083336,1.3689800000000005,0.06459473380589775,-0.11739027922068083,0.9909828291397818,4.79826801502104,-7.885805145390685,4.199224028870155,4.227169174007328,5.548737936868512
3087,05/15/2023 15:37:21.436653,3269,True,True,True,True,Eyes,-0.6441917,-0.01641749,49.17677,-0.4482147,-0.3358641,0.8284315,0.0,0.0,0.0,0.0,0.0,0.0,0.0,-25.90206,-8.760565,-41.39012,-0.6760458,-0.01027335,49.60191,0.09906857,-0.2766816,0.02512557,0.9555111,11.72566,327.6609,359.6018,-0.01335809,-0.0003269451,0.9999105,-0.0625671,-0.01081255,0.9397033,-1.553673,-0.5754815,50.94942,-0.01910126,-0.2267678,1.689293,0.845632,-0.006805366,0.5337229,-0.1028364,0.9791083,0.1754187,-0.5237663,-0.2032258,0.8272654,static,3.7866009416937416,-7.916348174039011,-0.6478301531634327,-7.6455817126763534,-0.8776272,-0.56520815,1.3475100000000069,0.06541390350629278,-0.13743217069601082,0.9883487647804304,4.886347279697261,-9.082737809345849,4.4010172680723185,4.442689907211064,5.7177388454334706
3088,05/15/2023 15:37:21.446606,3270,True,True,True,True,Eyes,-0.6450984,-0.01640961,49.19588,-0.4501739,-0.3350067,0.8277161,0.0,0.0,0.0,0.0,0.0,0.0,0.0,-26.22902,-8.748298,-41.21036,-0.6737145,-0.01358251,49.62191,0.09963595,-0.2800896,0.02691158,0.9544099,11.84486,327.2624,359.7398,-0.01337418,-0.0003359275,0.9999102,-0.06213257,-0.01013638,0.940576,-1.553673,-0.5754815,50.94942,-0.021258,-0.2231483,1.67395,0.8416512,-0.004444636,0.5400034,-0.1071833,0.9786969,0.1751118,-0.5292779,-0.2052624,0.8232449,static,4.025970941171334,-7.758801310905369,-0.7275774133042101,-7.593128891141291,-0.8799585000000001,-0.56189899,1.3275100000000037,0.0695690168430273,-0.13467604190975835,0.9884444785198234,5.129546713821269,-8.927556392775767,4.713340215183846,4.756434516421691,6.0072123150154955
3692,05/15/2023 15:37:31.516447,3874,True,True,True,True,Eyes,-0.4878757,-0.03038391,55.71279,-0.6455969,-0.3377969,0.6849072,0.0,0.0,0.0,0.0,0.0,0.0,0.0,-40.45483,-15.23281,-35.55556,-0.5135037,-0.02338459,55.96931,0.1742444,-0.3940141,0.05522484,0.9007454,20.94173,312.3189,357.679,-0.008554608,-0.0005345608,0.999963,0.0,0.0,0.0,-1.838069,-0.6764613,57.21854,0.03024584,0.04198328,1.933618,0.6834063,-0.03782242,0.7290578,-0.2367965,0.9331782,0.2703809,-0.6905674,-0.3574183,0.6287836,static,4.067218803883753,1.3118323650461785,0.8961530474041525,1.2438273037055043,-1.3245653,-0.65307671,1.2492299999999972,0.0709082599933688,0.022836166068448044,0.997221391535033,4.945278593681171,0.4121374240965294,3.1709422101554736,3.171794873614227,4.13365767152496
3693,05/15/2023 15:37:31.536565,3875,True,True,True,True,Eyes,-0.4891584,-0.03021894,55.72426,-0.646467,-0.3379034,0.6840335,0.0,0.0,0.0,0.0,0.0,0.0,0.0,-40.33627,-15.42809,-35.62241,-0.5146335,-0.02337794,55.97974,0.1755447,-0.3927503,0.05416189,0.9011092,21.03352,312.4406,357.5267,-0.008574811,-0.0005356394,0.9999629,0.0,0.0,0.0,-1.838069,-0.6764613,57.21854,0.01933074,0.04188713,1.926267,0.6856274,-0.0402789,0.7268375,-0.235502,0.9325011,0.2738257,-0.6888062,-0.3589141,0.6298626,static,3.874787853459205,1.40451294558025,0.5749632001841869,1.2457139093139264,-1.3234355,-0.65308336,1.2387999999999977,0.06755606235125572,0.024454926089803514,0.9974157879101101,4.744283650503659,0.5132550553737574,3.3026130930481172,3.3036434245058452,4.233170087554658
3694,05/15/2023 15:37:31.546606,3876,True,True,True,True,Eyes,-0.4904472,-0.03005767,55.73572,-0.6473192,-0.3379654,0.6831963,0.0,0.0,0.0,0.0,0.0,0.0,0.0,-40.31588,-15.53676,-35.61563,-0.5163732,-0.02323374,55.99078,0.1765361,-0.3924718,0.05406148,0.9010429,21.13512,312.4547,357.4716,-0.008595115,-0.0005363027,0.9999627,0.0,0.0,0.0,-1.838069,-0.6764613,57.21854,0.01187438,0.04171148,1.918101,0.6860866,-0.04114747,0.7263554,-0.2359943,0.9318247,0.275698,-0.6881801,-0.3605685,0.6296018,static,3.787456396926103,1.5043159918603506,0.35469621625966535,1.2457712823325742,-1.3216958,-0.65322756,1.2277599999999964,0.0660327843542246,0.02619495318777229,0.9974735276875318,4.651621468330266,0.6186076303538506,3.4412529400573493,3.4424827994913607,4.3424533236691545
3695,05/15/2023 15:37:31.569014,3877,True,True,True,True,Eyes,-0.4917457,-0.02991525,55.74717,-0.6483081,-0.3381761,0.6821536,0.0,0.0,0.0,0.0,0.0,0.0,0.0,-40.34676,-15.46686,-35.62845,-0.5178029,-0.02317329,56.0018,0.1759047,-0.3927017,0.05425248,0.9010548,21.07622,312.441,357.5193,-0.00861552,-0.0005365993,0.9999625,0.0,0.0,0.0,-1.838069,-0.6764613,57.21854,0.00539583,0.03632969,1.910232,0.6856843,-0.04038722,0.7267779,-0.235925,0.9322284,0.2743894,-0.6886047,-0.3596096,0.6296859,static,3.7221254584997547,1.4281306589525422,0.1618428880491679,1.0895467130981389,-1.3202661,-0.65328801,1.2167399999999944,0.0648975804722915,0.024870461831318247,0.9975819591927871,4.586075349836663,0.5420790478299464,3.5752038513481743,3.576346050069061,4.45797641542084
3696,05/15/2023 15:37:31.586866,3878,True,True,True,True,Eyes,-0.4930529,-0.0297878,55.75863,-0.6492823,-0.3383651,0.6811325,0.0,0.0,0.0,0.0,0.0,0.0,0.0,-40.39867,-15.43939,-35.5995,-0.5193366,-0.02347669,56.01323,0.1761719,-0.3930054,0.05543392,0.9007983,21.15931,312.4149,357.6276,-0.008636033,-0.0005365996,0.9999623,0.0,0.0,0.0,-1.838069,-0.6764613,57.21854,-0.001104951,0.03590971,1.901825,0.6849477,-0.03860346,0.7275689,-0.2383426,0.9317811,0.273819,-0.6885052,-0.3609623,0.6290204,static,3.665414430474946,1.4915530540351023,-0.03328856321971184,1.0817138113125557,-1.3187324,-0.6529846100000001,1.2053099999999972,0.06390834770770337,0.02597636021681876,0.9976176022658716,4.525937370356953,0.609063838443894,3.720072661758996,3.7213400866409962,4.5836600125064635
3697,05/15/2023 15:37:31.596779,3879,True,True,True,True,Eyes,-0.4943786,-0.02969156,55.77006,-0.650413,-0.3386018,0.6799351,0.0,0.0,0.0,0.0,0.0,0.0,0.0,-40.46684,-15.34317,-35.58165,-0.5208429,-0.02371858,56.02464,0.1756382,-0.3935442,0.05632517,0.9006118,21.14298,312.3699,357.7394,-0.008656658,-0.0005363603,0.9999622,0.0,0.0,0.0,-1.838069,-0.6764613,57.21854,-0.006902635,0.0321863,1.893538,0.683901,-0.03678857,0.7286468,-0.239697,0.9319574,0.2720309,-0.6890753,-0.3606966,0.6285484,static,3.617274830486211,1.452797081838528,-0.20886303901937195,0.9738180957038002,-1.3172261,-0.65274272,1.1938999999999993,0.06307122411630534,0.025302897508843514,0.9976882147296208,4.477204498478991,0.5705728628917959,3.854784053025191,3.8560020572638924,4.703385555510156
3698,05/15/2023 15:37:31.621759,3880,True,True,True,True,Eyes,-0.4957048,-0.02963024,55.78149,-0.6515648,-0.3389248,0.6786701,0.0,0.0,0.0,0.0,0.0,0.0,0.0,-40.54534,-15.29814,-35.52966,-0.522274,-0.02435979,56.03606,0.1753356,-0.39437,0.0564643,0.9003008,21.11526,312.2697,357.75,-0.008677416,-0.0005359614,0.999962,0.0,0.0,0.0,-1.838069,-0.6764613,57.21854,-0.01113838,0.0285528,1.885173,0.6825681,-0.03662452,0.7299038,-0.2399639,0.9321384,0.271174,-0.690303,-0.3602453,0.6274593,static,3.615367964540212,1.404665748187039,-0.3385231692771631,0.8677346079238287,-1.315795,-0.65210151,1.1824799999999982,0.06303932981528121,0.024464827680251017,0.9977110445369971,4.476439493614784,0.521063605238093,3.9890256798574306,3.9901817186017983,4.8274264602525685
3699,05/15/2023 15:37:31.636908,3881,True,True,True,True,Eyes,-0.4970427,-0.02961395,55.79288,-0.652926,-0.3393968,0.6771244,0.0,0.0,0.0,0.0,0.0,0.0,0.0,-40.67015,-15.37826,-35.36964,-0.5235876,-0.02511214,56.0472,0.1765317,-0.3957459,0.05688183,0.8994367,21.2587,312.07,357.7,-0.008698293,-0.0005354815,0.9999618,0.0,0.0,0.0,-1.838069,-0.6764613,57.21854,-0.0124827,0.03086108,1.876978,0.6802992,-0.03740016,0.7319797,-0.2420466,0.9312021,0.2725366,-0.6918139,-0.3625796,0.6244435,static,3.679322733449714,1.5235288957833513,-0.38103562382174433,0.9419664610620725,-1.3144814,-0.6513491600000001,1.1713400000000007,0.06414957790664438,0.026532699761796785,0.9975875149075142,4.539497409749149,0.6415822566690783,4.100408944041909,4.101795320947051,4.929693297225619
3700,05/15/2023 15:37:31.646414,3882,True,True,True,True,Eyes,-0.4983886,-0.02963073,55.80427,-0.6543776,-0.3400051,0.6754158,0.0,0.0,0.0,0.0,0.0,0.0,0.0,-40.83973,-15.44937,-35.15999,-0.5249813,-0.02613505,56.05814,0.1775154,-0.3977717,0.05680671,0.8983535,21.35439,311.7802,357.5904,-0.0087193,-0.0005350095,0.9999616,0.0,0.0,0.0,-1.838069,-0.6764613,57.21854,-0.0109148,0.03197259,1.868824,0.6771014,-0.03915618,0.7348471,-0.2432862,0.9305226,0.2737509,-0.6945109,-0.3641353,0.620532,static,3.8179436806456843,1.591648495319937,-0.3346301544083774,0.9801435385292596,-1.3130877,-0.65032625,1.1603999999999957,0.06656080850280044,0.02771433747027438,0.9973974075399668,4.680914161861393,0.707643194943177,4.195795109014202,4.197357236137421,5.022941491369428
3701,05/15/2023 15:37:31.672482,3883,True,True,True,True,Eyes,-0.4997236,-0.02968557,55.81565,-0.6561083,-0.3408534,0.6733059,0.0,0.0,0.0,0.0,0.0,0.0,0.0,-41.06609,-15.61984,-34.83748,-0.5264748,-0.02690174,56.06937,0.1797044,-0.4005081,0.05688221,0.8966962,21.58271,311.3716,357.4153,-0.008740435,-0.0005346041,0.9999614,0.0,0.0,0.0,-1.838069,-0.6764613,57.21854,-0.006186843,0.03718859,1.860476,0.6727154,-0.04193396,0.7387121,-0.2459582,0.9289415,0.2767169,-0.6978242,-0.367844,0.6145992,static,4.033076601339439,1.784165839736063,-0.19053117899127706,1.1451185291669315,-1.3115942,-0.64955956,1.149169999999998,0.07029842221877985,0.031057508984138782,0.9970423960717569,4.898215206679317,0.8995519401143712,4.269639465528605,4.271679312309832,5.094668068415688
3702,05/15/2023 15:37:31.688313,3884,True,True,True,True,Eyes,-0.5010334,-0.02978171,55.82702,-0.6579518,-0.3418682,0.6709884,0.0,0.0,0.0,0.0,0.0,0.0,0.0,-41.35264,-15.7476,-34.45684,-0.5277319,-0.02780531,56.0805,0.1817815,-0.4039076,0.0574035,0.8947173,21.81787,310.8826,357.2757,-0.008761667,-0.0005343265,0.9999612,0.0,0.0,0.0,-1.838069,-0.6764613,57.21854,0.0007497668,0.04291949,1.852305,0.667127,-0.04412608,0.743636,-0.2495657,0.9273207,0.2789147,-0.7018965,-0.3716576,0.6076282,static,4.310605073061498,1.9728831497234847,0.023191899235214353,1.3273546683989719,-1.3103371,-0.6486559900000001,1.1380399999999966,0.07511899020635054,0.034329231131984744,0.9965834192024796,5.180032122522902,1.0857071599707995,4.33313523265765,4.335737393258533,5.162498872333761
3703,05/15/2023 15:37:31.696490,3885,True,True,True,True,Eyes,-0.5023175,-0.02988835,55.83843,-0.6600043,-0.3430326,0.6683734,0.0,0.0,0.0,0.0,0.0,0.0,0.0,-41.63802,-15.95662,-34.03231,-0.5283807,-0.02883466,56.09151,0.1845843,-0.4074143,0.0575974,0.8925384,22.11267,310.3542,357.0556,-0.008782938,-0.0005342381,0.999961,0.0,0.0,0.0,-1.838069,-0.6764613,57.21854,0.008223176,0.05090281,1.844522,0.6613922,-0.04758879,0.748529,-0.2532203,0.9252223,0.2825651,-0.7060027,-0.3764291,0.5998844,static,4.597725186387101,2.219537137922142,0.25543211607599214,1.5807760108978643,-1.3096883,-0.64762664,1.1270299999999978,0.0800995987912777,0.03860410368599371,0.9960390654793054,5.4703030273145945,1.3312425000797699,4.385615831758768,4.389023226854603,5.2208376333595865
3704,05/15/2023 15:37:31.716457,3886,True,True,True,True,Eyes,-0.5035818,-0.03002278,55.84983,-0.6621808,-0.3440892,0.665672,0.0,0.0,0.0,0.0,0.0,0.0,0.0,-41.91632,-16.05861,-33.65995,-0.5295621,-0.02911522,56.10318,0.1867771,-0.4105826,0.05892998,0.8905411,22.39915,309.9016,356.9982,-0.008804198,-0.0005343386,0.9999608,0.0,0.0,0.0,-1.838069,-0.6764613,57.21854,0.01329023,0.05741656,1.836247,0.6558984,-0.04841573,0.7532949,-0.258334,0.9232831,0.2842742,-0.7092679,-0.3810567,0.5930725,static,4.810446253124269,2.45046940555341,0.4146832053076239,1.790965514266142,-1.3085068999999998,-0.64734608,1.1153599999999955,0.08378337777622186,0.04260539255281226,0.9955727633694627,5.684153182418465,1.562781947705678,4.44070589166387,4.44496098466267,5.274408173408727
3705,05/15/2023 15:37:31.736610,3887,True,True,True,True,Eyes,-0.5048064,-0.03019117,55.86124,-0.6645328,-0.3450558,0.6628216,0.0,0.0,0.0,0.0,0.0,0.0,0.0,-42.20293,-15.90139,-33.39427,-0.5302784,-0.02993087,56.11449,0.1858164,-0.4139968,0.05919902,0.8891426,22.29967,309.472,356.9901,-0.008825413,-0.0005346588,0.9999606,0.0,0.0,0.0,-1.838069,-0.6764613,57.21854,0.01817119,0.05223054,1.828709,0.6502044,-0.04858204,0.7582045,-0.2591275,0.9239355,0.2814181,-0.714204,-0.3794509,0.588158,static,5.008606071675134,2.296581478736093,0.5693077640287473,1.6360045046201095,-1.3077906,-0.6465304300000001,1.1040499999999938,0.08723577578605124,0.03991940502902719,0.9953874528750977,5.892593729828542,1.39846421728066,4.484308027900727,4.4881768462265725,5.3285831946015785
3706,05/15/2023 15:37:31.747129,3888,True,True,True,True,Eyes,-0.5059995,-0.0303886,55.87267,-0.6670045,-0.3459347,0.6598743,0.0,0.0,0.0,0.0,0.0,0.0,0.0,-42.50574,-15.8237,-33.06465,-0.5306989,-0.03087723,56.12589,0.1859871,-0.4175566,0.06001603,0.8873857,22.34637,309.004,356.9752,-0.008846513,-0.0005352374,0.9999604,0.0,0.0,0.0,-1.838069,-0.6764613,57.21854,0.02356517,0.05194831,1.82116,0.6440892,-0.04880557,0.7633919,-0.2618351,0.9236137,0.2799645,-0.7187431,-0.3802049,0.5821106,static,5.226221605007824,2.294885463271434,0.7413458654043505,1.6339102761695734,-1.3073701,-0.6455840700000001,1.092649999999999,0.09101588664771398,0.03987639781623656,0.9950506985876456,6.117315209291668,1.3902994273626639,4.529340085611634,4.533320923743227,5.3814860988459925
3707,05/15/2023 15:37:31.769962,3889,True,True,True,True,Eyes,-0.5071555,-0.0306197,55.88412,-0.6697893,-0.3464881,0.6567558,0.0,0.0,0.0,0.0,0.0,0.0,0.0,-42.84529,-15.56068,-32.77022,-0.5310566,-0.03179362,56.13785,0.1846176,-0.4213957,0.06151392,0.8857529,22.26522,308.5462,357.1123,-0.008867454,-0.0005361005,0.9999602,0.0,0.0,0.0,-1.838069,-0.6764613,57.21854,0.02840674,0.04736286,1.813484,0.6372834,-0.04662187,0.769218,-0.2645664,0.9242648,0.2752077,-0.7237918,-0.3788945,0.5766841,static,5.426216300643195,2.1703495864102638,0.897418015771435,1.496056889659818,-1.3070124,-0.6446676800000001,1.080689999999997,0.09449659880229394,0.037701221642990196,0.9948109877615768,6.32691610237827,1.256154229826728,4.575019327366794,4.578720841670562,5.434795558129328
3708,05/15/2023 15:37:31.786446,3890,True,True,True,True,Eyes,-0.5082523,-0.03085875,55.89561,-0.672703,-0.3469676,0.6535168,0.0,0.0,0.0,0.0,0.0,0.0,0.0,-43.1699,-15.20276,-32.53171,-0.5312948,-0.03288598,56.14973,0.1817775,-0.4252428,0.06203066,0.8844646,21.98153,308.1056,357.2264,-0.008888183,-0.0005372795,0.99996,0.0,0.0,0.0,-1.838069,-0.6764613,57.21854,0.03286219,0.03661618,1.806042,0.6306413,-0.04487131,0.7747762,-0.264327,0.9262183,0.2687953,-0.729673,-0.3743077,0.5722509,static,5.607546864709088,1.8488177893431457,1.042421515545035,1.161470882252465,-1.3067742,-0.6435753200000001,1.0688099999999991,0.09766360911352845,0.03210812835777102,0.9947014311285981,6.522173880238364,0.9196937162179604,4.613724742592265,4.61658046873087,5.485083607054483
3709,05/15/2023 15:37:31.806552,3891,True,True,True,True,Eyes,-0.5092838,-0.03113385,55.90718,-0.6758347,-0.347146,0.6501824,0.0,0.0,0.0,0.0,0.0,0.0,0.0,-43.53173,-14.94978,-32.18632,-0.5308839,-0.0333369,56.16211,0.1804616,-0.4295012,0.06324474,0.8825885,21.89298,307.583,357.3204,-0.008908615,-0.0005387571,0.9999598,0.0,0.0,0.0,-1.838069,-0.6764613,57.21854,0.03848785,0.03160551,1.798862,0.6230576,-0.04337881,0.7809722,-0.2666551,0.9268674,0.2642193,-0.7353191,-0.3728741,0.5659246,static,5.842583456308686,1.7423449824929653,1.2256943370078774,1.0065675032394474,-1.3071850999999999,-0.6431244,1.0564299999999989,0.10174911135507153,0.03024717159925644,0.9943501733587359,6.767502331603092,0.8031163047124084,4.672436743937032,4.675150654138844,5.545541293610707
3710,05/15/2023 15:37:31.816486,3892,True,True,True,True,Eyes,-0.5102378,-0.03144055,55.9188,-0.6790512,-0.347158,0.6468159,0.0,0.0,0.0,0.0,0.0,0.0,0.0,-43.8085,-14.69071,-31.95191,-0.530619,-0.03454792,56.17511,0.177712,-0.4331723,0.06196622,0.8814422,21.52886,307.1337,357.2445,-0.00892866,-0.0005405675,0.9999596,0.0,0.0,0.0,-1.838069,-0.6764613,57.21854,0.04172993,0.01855707,1.791127,0.617044,-0.04472054,0.785657,-0.2631991,0.9291573,0.2596016,-0.7416084,-0.3669698,0.5615604,static,6.011409777280052,1.3871979718064087,1.3346437210556557,0.5935948430216601,-1.30745,-0.6419133800000001,1.0434300000000007,0.10469615304405455,0.024075761515193472,0.9942127996176118,6.950690704366984,0.4324077422160699,4.741658456805849,4.743621682920091,5.618359636070513
3711,05/15/2023 15:37:31.837179,3893,True,True,True,True,Eyes,-0.5111098,-0.03180879,55.93051,-0.6822377,-0.3470803,0.6434959,0.0,0.0,0.0,0.0,0.0,0.0,0.0,-44.05711,-14.48486,-31.72629,-0.5296356,-0.03564654,56.18821,0.1757534,-0.4363756,0.06131483,0.8802997,21.28111,306.7384,357.205,-0.008948218,-0.0005427338,0.9999595,0.0,0.0,0.0,-1.838069,-0.6764613,57.21854,0.04262477,0.009218276,1.783904,0.6116335,-0.04543819,0.7898353,-0.2613399,0.9307024,0.2559189,-0.7467301,-0.362944,0.557374,static,6.1290447096442895,1.149700328280565,1.368770295896732,0.29607176623568965,-1.3084334,-0.64081476,1.0303299999999993,0.10674686331296751,0.01995006431454127,0.9940860573274721,7.078083691345976,0.1843639442414251,4.834653555314491,4.836206593614303,5.710406122593286
3712,05/15/2023 15:37:31.847333,3894,True,True,True,True,Eyes,-0.5118812,-0.03225221,55.94227,-0.6854325,-0.3469151,0.6401814,0.0,0.0,0.0,0.0,0.0,0.0,0.0,-44.25229,-14.32375,-31.55078,-0.5286676,-0.0375343,56.20147,0.1739722,-0.4389677,0.06030268,0.8794341,21.03488,306.4158,357.1338,-0.008967187,-0.0005453299,0.9999593,0.0,0.0,0.0,-1.838069,-0.6764613,57.21854,0.0411728,0.0006423295,1.776372,0.6073417,-0.0466719,0.7930685,-0.2588009,0.9321945,0.2530524,-0.7511045,-0.3589361,0.5540819,static,6.178188205865478,0.9219893921186181,1.3277654495390452,0.020717939599778804,-1.3094014,-0.638927,1.0170699999999968,0.10760711592717198,0.015997623509899667,0.994064790752641,7.1345173317873325,-0.05158148240172933,4.9322636173921754,4.933446173438474,5.807201962082581
3713,05/15/2023 15:37:31.870073,3895,True,True,True,True,Eyes,-0.5125366,-0.03276441,55.9541,-0.68847,-0.3469101,0.6369163,0.0,0.0,0.0,0.0,0.0,0.0,0.0,-44.38966,-14.32348,-31.38096,-0.5269738,-0.03978433,56.21468,0.1734879,-0.440962,0.05874424,0.8786373,20.89607,306.1353,356.946,-0.008985447,-0.0005484472,0.9999591,0.0,0.0,0.0,-1.838069,-0.6764613,57.21854,0.03787059,-0.003975272,1.769357,0.6042032,-0.04977337,0.7952742,-0.2562329,0.9329021,0.2530579,-0.7545086,-0.3566738,0.5509089,static,6.1899341324180845,0.8041179386904296,1.2261480998974208,-0.12872807736231345,-1.3110952,-0.63667697,1.003859999999996,0.10781420003411968,0.013952240809556371,0.9940731184551241,7.149592459296763,-0.17331156689084404,5.049674425803477,5.050680495370174,5.92361213842014
3714,05/15/2023 15:37:31.886581,3896,True,True,True,True,Eyes,-0.5130821,-0.03334955,55.96598,-0.6914098,-0.3469091,0.6337243,0.0,0.0,0.0,0.0,0.0,0.0,0.0,-44.48373,-14.46263,-31.20712,-0.5250214,-0.04191655,56.2279,0.1748345,-0.4422563,0.05812599,0.8777605,20.99822,305.9191,356.7701,-0.009002858,-0.0005521559,0.999959,0.0,0.0,0.0,-1.838069,-0.6764613,57.21854,0.03209895,-0.001304865,1.762689,0.6020615,-0.05260194,0.7967152,-0.2566848,0.9321085,0.2555126,-0.7560654,-0.3583389,0.5476844,static,6.135979692821763,0.9244681184324977,1.0432532960836292,-0.0424143134027683,-1.3130476,-0.6345447500000001,0.9906399999999991,0.10687470043198627,0.016041902469380448,0.9941430376872716,7.090876790516647,-0.04778402199197962,5.182506164656748,5.183697887514767,6.047625878325193
3715,05/15/2023 15:37:31.896557,3897,True,True,True,True,Eyes,-0.5135068,-0.0339963,55.97789,-0.6940743,-0.3471535,0.6306705,0.0,0.0,0.0,0.0,0.0,0.0,0.0,-44.50383,-14.58802,-31.14371,-0.5229188,-0.04423167,56.24105,0.1755794,-0.4426675,0.05692029,0.8774836,21.00992,305.8277,356.5883,-0.009019308,-0.0005565267,0.9999589,0.0,0.0,0.0,-1.838069,-0.6764613,57.21854,0.02283037,-0.001401186,1.756216,0.6016111,-0.05555334,0.796855,-0.2553398,0.9318639,0.2577426,-0.7568789,-0.3585297,0.5464347,static,5.98623033005618,0.9376775935796241,0.7447888911709564,-0.04571307121572012,-1.3151502,-0.6322296300000001,0.977489999999996,0.10427563510674626,0.01627561660548485,0.9944152363475661,6.935936383513965,-0.02976431634629595,5.331736603453762,5.332894669583286,6.191168034767512
3716,05/15/2023 15:37:31.922033,3898,True,True,True,True,Eyes,-0.5138222,-0.03460299,55.98986,-0.6965337,-0.3476388,0.6276848,0.0,0.0,0.0,0.0,0.0,0.0,0.0,-44.4901,-14.81681,-31.07816,-0.5204345,-0.0463063,56.25377,0.1779616,-0.442429,0.0569708,0.8771207,21.25987,305.8018,356.4608,-0.009034676,-0.0005616031,0.9999588,0.0,0.0,0.0,-1.838069,-0.6764613,57.21854,0.0113616,0.005580157,1.750398,0.6020217,-0.05753025,0.7964046,-0.2574113,0.930168,0.2617766,-0.7558502,-0.3625987,0.5451725,static,5.772728339337589,1.1660153199250662,0.3718940416071384,0.18265466598500985,-1.3176345,-0.630155,0.9647699999999944,0.10056213206214826,0.020246247587729582,0.9947248291391448,6.7097937006996045,0.21167408015856526,5.488142646056953,5.489627426998939,6.337966094507242
3717,05/15/2023 15:37:31.937747,3899,True,True,True,True,Eyes,-0.5140395,-0.03499459,56.00192,-0.6988022,-0.3483634,0.6247547,0.0,0.0,0.0,0.0,0.0,0.0,0.0,-44.50814,-14.93543,-31.01941,-0.5181426,-0.04590681,56.267,0.1804498,-0.4420558,0.05950656,0.8766319,21.65313,305.8281,356.5947,-0.009048875,-0.0005672424,0.9999586,0.0,0.0,0.0,-1.838069,-0.6764613,57.21854,-0.001984537,0.01424727,1.745003,0.6020914,-0.05520706,0.7965162,-0.2638684,0.9277937,0.2637657,-0.7535645,-0.3689865,0.5440491,static,5.517465605630931,1.4951396975615106,-0.06516065895937649,0.4677873348639039,-1.3199264,-0.6305544900000001,0.9515399999999943,0.0961167451055881,0.025971344223461007,0.9950311899362874,6.438014118070177,0.5581339262888456,5.674247045029646,5.676369340276748,6.503802325345958
3718,05/15/2023 15:37:31.946436,3900,True,True,True,True,Eyes,-0.5141377,-0.03527286,56.01406,-0.7009628,-0.349103,0.621915,0.0,0.0,0.0,0.0,0.0,0.0,0.0,-44.60607,-14.76086,-30.98762,-0.5162825,-0.04114491,56.28098,0.1808108,-0.4422656,0.06373979,0.876154,21.9141,305.8553,357.0194,-0.009061845,-0.0005730038,0.9999585,0.0,0.0,0.0,-1.838069,-0.6764613,57.21854,-0.0151127,0.01460916,1.740495,0.6006768,-0.04824107,0.7980352,-0.2716246,0.9264894,0.2604564,-0.7519358,-0.3732161,0.5434172,static,5.28659990371025,1.6654633623018997,-0.4974861558773431,0.4809112082564265,-1.3217865,-0.6353163900000001,0.9375599999999977,0.09209911750810301,0.028940200914183395,0.9953292099316264,6.195395040356623,0.7403417387093816,5.90163424560471,5.904135444785231,6.697907352825457
3719,05/15/2023 15:37:31.972224,3901,True,True,True,True,Eyes,-0.5140762,-0.03541043,56.0263,-0.7030014,-0.3501575,0.6190144,0.0,0.0,0.0,0.0,0.0,0.0,0.0,-44.643,-14.74897,-30.9655,-0.5135209,-0.03869931,56.29499,0.1811042,-0.4424132,0.06457996,0.8759573,21.98854,305.8409,357.088,-0.009073495,-0.0005786722,0.9999584,0.0,0.0,0.0,-1.838069,-0.6764613,57.21854,-0.0275299,0.01175413,1.735863,0.6002001,-0.04710721,0.7984616,-0.2733844,0.9260613,0.2601371,-0.7516788,-0.3744212,0.5429437,static,5.097452100259351,1.6655761782307081,-0.9086056064393515,0.38796365158523693,-1.3245481,-0.63776199,0.9235499999999988,0.08881276406378713,0.028950837426132747,0.9956275471114916,6.000104913343496,0.7460365423651385,6.13802637420962,6.1404415919733575,6.917983610942546
3720,05/15/2023 15:37:31.988318,3902,True,True,True,True,Eyes,-0.5139776,-0.0353643,56.03864,-0.7049056,-0.3506748,0.6165512,0.0,0.0,0.0,0.0,0.0,0.0,0.0,-44.60809,-15.1355,-30.85464,-0.5101161,-0.03538076,56.30907,0.1855486,-0.4417109,0.06562617,0.8753036,22.50712,305.8401,356.9576,-0.009083669,-0.0005840055,0.9999583,0.0,0.0,0.0,-1.838069,-0.6764613,57.21854,-0.04148728,0.02150983,1.731874,0.6011693,-0.04903201,0.797616,-0.2788033,0.9225298,0.2668471,-0.7489086,-0.3827983,0.5409264,static,4.890852230185836,2.1596449339488277,-1.372265832139163,0.7115755034656396,-1.3279529,-0.64108054,0.9094699999999989,0.08519773282263882,0.0375469753306866,0.9956564033105191,5.774442502496308,1.2609203592559892,6.424552374230845,6.428339827523242,7.167790439942524
3721,05/15/2023 15:37:31.996711,3903,True,True,True,True,Eyes,-0.5138166,-0.03528215,56.051,-0.7069073,-0.3503583,0.6144356,0.0,0.0,0.0,0.0,0.0,0.0,0.0,-44.37256,-14.8514,-31.35535,-0.5091795,-0.03103711,56.32393,0.1801212,-0.4389686,0.06212721,0.8780679,21.76873,306.2946,356.9736,-0.009092446,-0.0005887093,0.9999583,0.0,0.0,0.0,-1.838069,-0.6764613,57.21854,-0.06517893,-0.009244889,1.725839,0.6068935,-0.04903128,0.7932695,-0.2672389,0.9273931,0.2617735,-0.7485077,-0.3708611,0.5497257,static,4.335535940706821,1.4272371577978198,-2.162834199848426,-0.3069162623969682,-1.3288894999999998,-0.6454241900000001,0.8946100000000001,0.07557386565604918,0.02483618118708872,0.9968308435503905,5.219418718396441,0.5230673159084502,6.724134275747616,6.725778956257282,7.428763752414766
3722,05/15/2023 15:37:32.016519,3904,True,True,True,True,Eyes,-0.5136074,-0.03524762,56.06333,-0.7087857,-0.3498387,0.6125649,0.0,0.0,0.0,0.0,0.0,0.0,0.0,-44.03376,-14.52918,-32.00035,-0.5073695,-0.03026894,56.33679,0.1719544,-0.4357677,0.05401386,0.881828,20.50832,306.8014,356.6579,-0.009099858,-0.0005927822,0.9999582,0.0,0.0,0.0,-1.838069,-0.6764613,57.21854,-0.08822727,-0.05212083,1.7191,0.614378,-0.0546025,0.7871202,-0.2451263,0.9350283,0.2561934,-0.7499685,-0.3503435,0.5610763,static,3.7729235292863192,0.20487395341241815,-2.937943692663173,-1.736600001646529,-1.3306995,-0.64619236,0.8817499999999967,0.06580194093239977,0.003567967853650905,0.9978263453272391,4.669115682158064,-0.71912511621174,6.984421953903087,6.986061836886954,7.674803416019605
3723,05/15/2023 15:37:32.036720,3905,True,True,True,True,Eyes,-0.5134259,-0.03523438,56.0756,-0.7108594,-0.3494369,0.6103874,1.853533,-1.831028,-0.6829275,57.20698,0.4693606,-0.4309862,-0.7706826,-0.107909,-0.07527691,1.702935,-0.5060462,-0.03137562,56.34837,0.1712105,-0.43364,0.04917542,0.8833036,20.18854,307.0341,356.236,-0.009105953,-0.0005963724,0.9999582,0.0,0.0,0.0,-1.838069,-0.6764613,57.21854,-0.1036116,-0.06455889,1.712517,0.6190763,-0.06161379,0.7829102,-0.2353611,0.9365374,0.2598129,-0.7492329,-0.3451106,0.5652866,static,3.4014959894469428,-0.07838572058771878,-3.4623186914962294,-2.158928147745016,-1.3320227999999998,-0.64508568,0.8701699999999946,0.05933238255730994,-0.0013656783064654454,0.9982373540554204,4.292716338115637,-0.9998703587119648,7.16950069355094,7.172210870124539,7.841172314700481
3724,05/15/2023 15:37:32.046839,3906,True,True,True,True,Eyes,-0.5132599,-0.03519364,56.08782,-0.7129322,-0.349083,0.6081684,1.842806,-1.827055,-0.6784857,57.20855,0.7340031,-0.1349466,-0.6656042,-0.1142651,-0.07961288,1.692331,-0.5059863,-0.0318983,56.35997,0.1703954,-0.4332863,0.04744079,0.8837295,20.01571,307.0758,356.1059,-0.009110915,-0.0005995661,0.9999581,0.0,0.0,0.0,-1.838069,-0.6764613,57.21854,-0.1134095,-0.07256684,1.705554,0.6200248,-0.06381035,0.7819831,-0.2315096,0.9374295,0.260056,-0.7496482,-0.3422778,0.5664569,static,3.199762607430747,-0.23139132199284396,-3.804238546477865,-2.436315400324002,-1.3320827,-0.644563,0.8585700000000003,0.055816916231001046,-0.004032233599987917,0.9984329113160569,4.088261583068481,-1.1514852327385445,7.339152372269708,7.342868809610973,7.9963958665405475
3725,05/15/2023 15:37:32.070752,3907,True,True,True,True,Eyes,-0.5131351,-0.03511685,56.09999,-0.7153849,-0.3491439,0.6052463,1.834543,-1.82554,-0.6756366,57.21035,0.8356481,0.05501524,-0.546503,-0.1143162,-0.07842034,1.685684,-0.5061545,-0.03118862,56.37091,0.170747,-0.4349877,0.04780296,0.8828058,20.06344,306.8451,356.0843,-0.009114885,-0.0006023543,0.999958,0.0,0.0,0.0,-1.838069,-0.6764613,57.21854,-0.1155633,-0.0741438,1.700003,0.6170012,-0.06414425,0.7843437,-0.2329472,0.9371206,0.2598855,-0.7516949,-0.3430603,0.5632623,static,3.1943857524164128,-0.1864084466757341,-3.888886338979269,-2.497311079962493,-1.3319145,-0.64527268,0.8476299999999952,0.0557233792408805,-0.0032483805340553507,0.9984410121528428,4.081585188813136,-1.1050034254414618,7.4467198041720355,7.450705637808853,8.09116413009817
3726,05/15/2023 15:37:32.086723,3908,True,True,True,True,Eyes,-0.5130754,-0.03497717,56.11215,-0.7180177,-0.3490681,0.6021644,1.827042,-1.824925,-0.6727398,57.21233,0.876012,0.2480341,-0.4136205,-0.1084272,-0.07174948,1.679956,-0.5069219,-0.03018375,56.38219,0.1719004,-0.4385904,0.04992163,0.8806796,20.27758,306.3648,356.1577,-0.009118036,-0.0006047131,0.999958,0.0,0.0,0.0,-1.838069,-0.6764613,57.21854,-0.1113118,-0.07048666,1.694628,0.6102926,-0.06285779,0.7896783,-0.2387176,0.9359162,0.258988,-0.7553521,-0.3465686,0.5561774,static,3.3971639521830914,0.03779019814275224,-3.7580801001520343,-2.3817979660115487,-1.3311471,-0.6462775500000001,0.8363499999999959,0.059256947059850185,0.0006584042995309014,0.9982425062614717,4.285338150507885,-0.8801049919475895,7.549697655816094,7.553272425418851,8.18239933903266
