,Time,Frame,EyeTrackingEnabled,EyeCalibrationValid,EyeTrackingEnabledAndValid,EyeTrackingDataValid,GazeInputSource,EyeGazeOrigin.x,EyeGazeOrigin.y,EyeGazeOrigin.z,EyeGazeDirection.x,EyeGazeDirection.y,EyeGazeDirection.z,EyeHitInfo.distance,EyeHitPosition.x,EyeHitPosition.y,EyeHitPosition.z,EyeHitNormal.x,EyeHitNormal.y,EyeHitNormal.z,LocalEyeHitPosition.x,LocalEyeHitPosition.y,LocalEyeHitPosition.z,HeadGazeOrigin.x,HeadGazeOrigin.y,HeadGazeOrigin.z,HeadRotation.x,HeadRotation.y,HeadRotation.z,HeadRotation.w,HeadEulerAngles.x,HeadEulerAngles.y,HeadEulerAngles.z,HeadMovementDirection.x,HeadMovementDirection.y,HeadMovementDirection.z,HeadVelocity.x,HeadVelocity.y,HeadVelocity.z,transform.position.x,transform.position.y,transform.position.z,localTransform.position.x,localTransform.position.y,localTransform.position.z,localXAxis.x,localXAxis.y,localXAxis.z,localYAxis.x,localYAxis.y,localYAxis.z,localZAxis.x,localZAxis.y,localZAxis.z,Movement,GazeAngleX,GazeAngleY,TargetAngleX,TargetAngleY
302,05/08/2023 11:18:42.712050,484,True,True,True,True,Eyes,-0.09200823,0.1570317,3.485913,0.282864,-0.1810563,0.9419165,0.0,0.0,0.0,0.0,0.0,0.0,0.0,1.12774,-0.5070843,-3.778402,-0.09415327,0.1606071,3.971221,0.04595358,0.131152,-0.01066187,0.9902394,5.382643,15.06472,359.4785,-0.0230245,0.04236184,0.9988363,0.0370466,-0.01172005,1.013599,1.038513,-0.5306219,7.200199,0.2578357,-0.3657434,3.462193,0.965371,-0.009061796,-0.2607237,0.03316942,0.9955491,0.08821341,0.2587639,-0.09380672,0.9613748,static,16.71538,-10.88074,4.259056,-6.030315
303,05/08/2023 11:18:42.731758,485,True,True,True,True,Eyes,-0.09156581,0.1571333,3.507187,0.2859094,-0.1814705,0.9409167,0.0,0.0,0.0,0.0,0.0,0.0,0.0,1.151061,-0.518382,-3.791069,-0.09472059,0.1609694,3.991364,0.04603242,0.1340515,-0.003565732,0.9898983,5.283901,15.43813,0.3039297,-0.02253542,0.04188652,0.9988675,0.03612892,-0.01076159,1.016712,1.038513,-0.5306219,7.200199,0.2361623,-0.3772879,3.443984,0.964035,0.005282009,-0.2657231,0.01940086,0.9957366,0.09017883,0.2650665,-0.0920908,0.9598224,static,16.90207,-10.91635,3.92277,-6.251815
304,05/08/2023 11:18:42.741488,486,True,True,True,True,Eyes,-0.09111392,0.1573343,3.528412,0.2887681,-0.182128,0.9399163,0.0,0.0,0.0,0.0,0.0,0.0,0.0,1.169785,-0.5868588,-3.797004,-0.09414607,0.1614345,4.011872,0.05349795,0.1364897,0.002427205,0.989193,6.037365,15.77119,1.118142,-0.02207999,0.04144797,0.998896,0.03528843,-0.009810838,1.019533,1.038513,-0.5306219,7.200199,0.2169008,-0.337421,3.430217,0.9627294,0.01940578,-0.2697695,0.009801885,0.9942642,0.1065022,0.2702889,-0.105177,0.9570171,static,17.07839,-10.96632,3.618132,-5.617954
305,05/08/2023 11:18:42.762020,487,True,True,True,True,Eyes,-0.09065389,0.1576716,3.549579,0.2917299,-0.1832701,0.9387789,0.0,0.0,0.0,0.0,0.0,0.0,0.0,1.191625,-0.6274661,-3.805123,-0.09349657,0.1639673,4.031999,0.05718902,0.1393028,0.00778293,0.9885665,6.367311,16.14238,1.806002,-0.02165299,0.04104757,0.9989219,0.03452678,-0.008619406,1.022034,1.038513,-0.5306219,7.200199,0.1964179,-0.3242452,3.414334,0.9610683,0.03132106,-0.2745298,0.0005452906,0.9933377,0.1152387,0.2763102,-0.1109019,0.9546483,static,17.26288,-11.04645,3.292451,-5.424875
306,05/08/2023 11:18:42.781690,488,True,True,True,True,Eyes,-0.09019297,0.158045,3.570712,0.2944273,-0.184529,0.9376895,0.0,0.0,0.0,0.0,0.0,0.0,0.0,1.215253,-0.6904983,-3.808004,-0.09287513,0.1676491,4.051888,0.06419846,0.1420355,0.009054213,0.9877362,7.137458,16.49609,2.086334,-0.02125375,0.04069235,0.9989451,0.03383528,-0.007090155,1.024213,1.038513,-0.5306219,7.200199,0.180614,-0.2846305,3.40086,0.9594879,0.03612325,-0.2794245,0.0003505669,0.9915932,0.1293943,0.2817496,-0.1242502,0.951409,static,17.43189,-11.13304,3.040027,-4.784144
307,05/08/2023 11:18:42.801584,489,True,True,True,True,Eyes,-0.08972993,0.158415,3.591773,0.2971015,-0.186328,0.9364895,0.0,0.0,0.0,0.0,0.0,0.0,0.0,1.240828,-0.7063154,-3.818598,-0.09221014,0.1689689,4.072244,0.06587692,0.1445978,0.00801018,0.9872627,7.34012,16.79422,2.014689,-0.0208777,0.04037777,0.9989657,0.03318791,-0.00554461,1.026161,1.038513,-0.5306219,7.200199,0.1691338,-0.2756544,3.383411,0.9580546,0.03486763,-0.2844567,0.003235015,0.9911921,0.1323921,0.2865674,-0.1277591,0.9495034,static,17.60164,-11.25286,2.861785,-4.657733
308,05/08/2023 11:18:42.821685,490,True,True,True,True,Eyes,-0.08927464,0.1588705,3.612817,0.2993353,-0.1881382,0.9354156,0.0,0.0,0.0,0.0,0.0,0.0,0.0,1.25825,-0.7642652,-3.822455,-0.09170332,0.1694129,4.091619,0.07313631,0.1461204,0.005956063,0.9865417,8.196207,16.98751,1.91788,-0.02052387,0.04010007,0.9989842,0.03258578,-0.004101991,1.027772,1.038513,-0.5306219,7.200199,0.1651648,-0.2276303,3.369215,0.9572266,0.03312523,-0.2874366,0.00962161,0.9892312,0.1460446,0.289179,-0.1425634,0.9465998,static,17.7448,-11.37206,2.806493,-3.865132
309,05/08/2023 11:18:42.832202,491,True,True,True,True,Eyes,-0.08881499,0.1593491,3.633814,0.301477,-0.1898613,0.9343791,0.0,0.0,0.0,0.0,0.0,0.0,0.0,1.271567,-0.8111234,-3.83019,-0.09106962,0.1715077,4.111866,0.07867744,0.1470806,0.004248065,0.9859815,8.852967,17.11023,1.828098,-0.02018999,0.03985977,0.9989999,0.0319965,-0.002489465,1.029238,1.038513,-0.5306219,7.200199,0.1648709,-0.1937205,3.352914,0.9566985,0.03152087,-0.289369,0.01476682,0.9875837,0.1563986,0.2907058,-0.1538994,0.9443543,static,17.88227,-11.48585,2.815104,-3.306688
310,05/08/2023 11:18:42.841614,492,True,True,True,True,Eyes,-0.08836962,0.1597757,3.654788,0.3032366,-0.1914763,0.9334797,0.0,0.0,0.0,0.0,0.0,0.0,0.0,1.276557,-0.7858998,-3.855616,-0.09074629,0.173113,4.132168,0.07539721,0.1466098,0.001568374,0.9863157,8.526741,17.01839,1.460252,-0.01987445,0.03965418,0.9990139,0.03145566,-0.0009041762,1.030477,1.038513,-0.5306219,7.200199,0.1764016,-0.2165366,3.332458,0.9570062,0.02520177,-0.2889707,0.01901412,0.9886256,0.1491908,0.2894437,-0.148271,0.9456416,static,17.99615,-11.59178,3.030088,-3.71774
311,05/08/2023 11:18:42.861653,493,True,True,True,True,Eyes,-0.08790029,0.1601742,3.675743,0.3048602,-0.1931021,0.9326156,0.0,0.0,0.0,0.0,0.0,0.0,0.0,1.277849,-0.8000855,-3.873864,-0.08994672,0.1723711,4.152356,0.07720468,0.1459223,-0.000409625,0.986279,8.766629,16.92853,1.259494,-0.01957638,0.03947566,0.9990264,0.03090442,0.0004299799,1.03157,1.038513,-0.5306219,7.200199,0.187646,-0.2044805,3.3136,0.957413,0.02172375,-0.2879034,0.02333977,0.9880785,0.1521711,0.2877769,-0.1524102,0.9454923,static,18.10191,-11.69804,3.241144,-3.531214
312,05/08/2023 11:18:42.882291,494,True,True,True,True,Eyes,-0.08739835,0.1605362,3.69667,0.3061871,-0.1944641,0.9318976,0.0,0.0,0.0,0.0,0.0,0.0,0.0,1.280951,-0.8043438,-3.893876,-0.08888746,0.1721512,4.172833,0.07773238,0.1454418,-0.002562042,0.9863052,8.863499,16.85582,1.018163,-0.01929257,0.03931898,0.9990378,0.03045815,0.001599642,1.03254,1.038513,-0.5306219,7.200199,0.1975936,-0.2011345,3.29399,0.9576803,0.01755716,-0.2872982,0.02766497,0.9879022,0.1525904,0.2865016,-0.1540809,0.9456088,static,18.18861,-11.78707,3.432836,-3.494202
313,05/08/2023 11:18:42.891669,495,True,True,True,True,Eyes,-0.08686896,0.1608297,3.717587,0.307427,-0.1957521,0.9312195,0.0,0.0,0.0,0.0,0.0,0.0,0.0,1.285089,-0.8035109,-3.914466,-0.08796996,0.171666,4.193199,0.07769637,0.1450503,-0.00488799,0.9863567,8.898859,16.78973,0.7479777,-0.01901969,0.0391791,0.9990484,0.03013648,0.002589734,1.033369,1.038513,-0.5306219,7.200199,0.2072549,-0.2008954,3.27428,0.957873,0.01289716,-0.2869023,0.03218237,0.9878787,0.1518547,0.2853832,-0.1546907,0.9458473,static,18.2698,-11.87133,3.621868,-3.511015
314,05/08/2023 11:18:42.912001,496,True,True,True,True,Eyes,-0.08630781,0.1610393,3.738489,0.3085358,-0.1968259,0.9306262,0.0,0.0,0.0,0.0,0.0,0.0,0.0,1.29113,-0.7968593,-3.935892,-0.08677285,0.1703526,4.21387,0.07701201,0.1449407,-0.006992168,0.986414,8.856389,16.75641,0.4946365,-0.01875507,0.03904954,0.9990583,0.02991647,0.003314741,1.034117,1.038513,-0.5306219,7.200199,0.2147808,-0.2042828,3.253911,0.9578866,0.008529999,-0.28702,0.03611869,0.9880405,0.1499045,0.2848661,-0.1539584,0.9461227,static,18.3422,-11.94198,3.776442,-3.592355
315,05/08/2023 11:18:42.932077,497,True,True,True,True,Eyes,-0.08570974,0.1611602,3.759383,0.3096032,-0.1979176,0.9300401,0.0,0.0,0.0,0.0,0.0,0.0,0.0,1.297958,-0.7960274,-3.955733,-0.08552615,0.1685484,4.234437,0.07701935,0.1450105,-0.008574178,0.9863906,8.883684,16.75086,0.3144459,-0.01849612,0.03892378,0.999068,0.02980493,0.003744611,1.034777,1.038513,-0.5306219,7.200199,0.2204658,-0.2034016,3.233894,0.9577969,0.00542225,-0.2873947,0.0392522,0.987989,0.1494556,0.2847532,-0.154429,0.94608,static,18.4122,-12.01364,3.900019,-3.59898
316,05/08/2023 11:18:42.951554,498,True,True,True,True,Eyes,-0.08513319,0.1611592,3.780288,0.3106672,-0.1988489,0.9294864,0.0,0.0,0.0,0.0,0.0,0.0,0.0,1.305197,-0.8006368,-3.974473,-0.08403974,0.1665729,4.255137,0.07760815,0.1452278,-0.009577456,0.9863033,8.967382,16.7692,0.2116695,-0.01824027,0.03879589,0.9990776,0.02981085,0.003882658,1.035373,1.038513,-0.5306219,7.200199,0.2243794,-0.1994886,3.213947,0.9576343,0.003649167,-0.2879638,0.04143427,0.9877705,0.1503085,0.2849907,-0.1558721,0.9457718,static,18.48145,-12.0755,3.993583,-3.551772
317,05/08/2023 11:18:42.961860,499,True,True,True,True,Eyes,-0.08451538,0.1610473,3.801171,0.3116946,-0.1999835,0.9288988,0.0,0.0,0.0,0.0,0.0,0.0,0.0,1.312557,-0.8060618,-3.992986,-0.08245848,0.163625,4.275851,0.0783364,0.1455177,-0.01016598,0.9861971,9.060015,16.79998,0.1594005,-0.01798878,0.03865868,0.9990874,0.02975182,0.00364657,1.035966,1.038513,-0.5306219,7.200199,0.2273596,-0.1943596,3.193885,0.9574425,0.002747351,-0.288611,0.04284998,0.9875202,0.1515516,0.2854255,-0.1574689,0.945376,static,18.54932,-12.14981,4.071784,-3.482364
318,05/08/2023 11:18:42.981626,500,True,True,True,True,Eyes,-0.08383408,0.1608313,3.822059,0.3127855,-0.2009464,0.9283242,0.0,0.0,0.0,0.0,0.0,0.0,0.0,1.318688,-0.832541,-4.007267,-0.0808507,0.161145,4.296248,0.08147477,0.1457257,-0.01042598,0.9859093,9.421267,16.8311,0.1851451,-0.01773907,0.03850693,0.9990976,0.02982016,0.003092052,1.036456,1.038513,-0.5306219,7.200199,0.2300056,-0.1751343,3.175039,0.9573107,0.003187803,-0.2890435,0.04430407,0.9865063,0.1576148,0.2856457,-0.1636922,0.9442518,static,18.6205,-12.21389,4.143372,-3.157221
319,05/08/2023 11:18:42.992037,501,True,True,True,True,Eyes,-0.08309852,0.1604818,3.842945,0.3138707,-0.2018423,0.9277633,0.0,0.0,0.0,0.0,0.0,0.0,0.0,1.32304,-0.8355216,-4.027557,-0.07870679,0.1583714,4.317229,0.0816404,0.1458478,-0.009759238,0.9858844,9.428851,16.85204,0.2654971,-0.0174874,0.03833646,0.9991084,0.03007484,0.002258731,1.036931,1.038513,-0.5306219,7.200199,0.2326545,-0.1756915,3.154269,0.9572664,0.004571181,-0.2891716,0.0430571,0.9864792,0.1581293,0.2859846,-0.1638227,0.9441265,static,18.69114,-12.27389,4.218419,-3.188056
320,05/08/2023 11:18:43.011527,502,True,True,True,True,Eyes,-0.08228104,0.1600372,3.863826,0.3150499,-0.2027335,0.9271692,0.0,0.0,0.0,0.0,0.0,0.0,0.0,1.329681,-0.8338085,-4.047885,-0.07667533,0.1545607,4.338075,0.08136801,0.1462387,-0.009036474,0.9858561,9.385554,16.9036,0.3473366,-0.01723119,0.03814209,0.9991202,0.03047703,0.001074642,1.037374,1.038513,-0.5306219,7.200199,0.2337345,-0.1779703,3.13346,0.9570652,0.005980977,-0.2898111,0.04161562,0.9865952,0.1577913,0.28687,-0.1630772,0.943987,static,18.76764,-12.33409,4.26597,-3.250721
321,05/08/2023 11:18:43.031652,503,True,True,True,True,Eyes,-0.08138146,0.1595463,3.884715,0.3162217,-0.2034871,0.926605,0.0,0.0,0.0,0.0,0.0,0.0,0.0,1.330326,-0.8540017,-4.065653,-0.07418282,0.1518138,4.358906,0.08352067,0.1460009,-0.008163084,0.9857188,9.615729,16.8909,0.4820567,-0.01696662,0.0379218,0.9991329,0.03110086,-0.0003235203,1.037776,1.038513,-0.5306219,7.200199,0.2377614,-0.1667178,3.113267,0.9572342,0.008295172,-0.2891952,0.04048119,0.9859153,0.1622722,0.286468,-0.1670394,0.9434161,static,18.84319,-12.38583,4.367224,-3.065304
322,05/08/2023 11:18:43.042050,504,True,True,True,True,Eyes,-0.08042095,0.1589825,3.905585,0.3174062,-0.2042607,0.9260296,0.0,0.0,0.0,0.0,0.0,0.0,0.0,1.333888,-0.8506263,-4.087657,-0.07132311,0.1501565,4.379969,0.08259592,0.1462366,-0.006323372,0.9857754,9.47931,16.93251,0.6790901,-0.01669037,0.03767685,0.9991465,0.03193356,-0.001776955,1.038175,1.038513,-0.5306219,7.200199,0.2382666,-0.1767525,3.092067,0.9571498,0.01169025,-0.2893574,0.03662394,0.9862759,0.1609926,0.2872683,-0.1646915,0.9435856,static,18.91968,-12.43894,4.406355,-3.271652
323,05/08/2023 11:18:43.061850,505,True,True,True,True,Eyes,-0.07936911,0.1583289,3.92644,0.3185613,-0.2052031,0.9254245,0.0,0.0,0.0,0.0,0.0,0.0,0.0,1.334359,-0.8711727,-4.104729,-0.06821977,0.1478119,4.400198,0.08457936,0.1461862,-0.004548284,0.9856243,9.674853,16.95056,0.9162154,-0.01640106,0.037407,0.9991611,0.03289906,-0.003361738,1.038496,1.038513,-0.5306219,7.200199,0.2396621,-0.1682962,3.072356,0.9572179,0.01576287,-0.2889386,0.03369446,0.9856513,0.1653972,0.2873999,-0.1680567,0.9429519,static,18.99513,-12.50244,4.46038,-3.13539
324,05/08/2023 11:18:43.082022,506,True,True,True,True,Eyes,-0.07820145,0.1576253,3.947248,0.3196993,-0.2062614,0.9247965,0.0,0.0,0.0,0.0,0.0,0.0,0.0,1.336973,-0.897738,-4.119983,-0.06498025,0.1450276,4.420683,0.08741545,0.146327,-0.003491662,0.9853603,9.979352,16.9885,1.088037,-0.01609579,0.03711113,0.9991767,0.03408062,-0.005120729,1.038749,1.038513,-0.5306219,7.200199,0.2403508,-0.1534929,3.052635,0.9571525,0.01870139,-0.2889801,0.03246357,0.9846928,0.1712496,0.2877592,-0.1732932,0.9418939,static,19.07011,-12.57314,4.501926,-2.878528
325,05/08/2023 11:18:43.095484,507,True,True,True,True,Eyes,-0.07694439,0.1569753,3.968049,0.3207723,-0.2072486,0.9242041,0.0,0.0,0.0,0.0,0.0,0.0,0.0,1.334605,-0.9319535,-4.134375,-0.06155956,0.1431185,4.44055,0.0911292,0.1458579,-0.003115021,0.9850945,10.396,16.95297,1.191145,-0.01577158,0.03679174,0.9991941,0.03553877,-0.006924294,1.038849,1.038513,-0.5306219,7.200199,0.2448675,-0.1335771,3.033471,0.9574316,0.02044665,-0.2879355,0.03272101,0.9833715,0.1786331,0.2868,-0.1804505,0.9408418,static,19.14084,-12.63923,4.615017,-2.521357
326,05/08/2023 11:18:43.112100,508,True,True,True,True,Eyes,-0.07558827,0.1564278,3.988841,0.3218663,-0.2077987,0.9237,0.0,0.0,0.0,0.0,0.0,0.0,0.0,1.334823,-0.9336166,-4.156021,-0.05815424,0.1437463,4.46115,0.09078558,0.1455832,-0.002986726,0.9851674,10.35506,16.92056,1.196943,-0.01542625,0.03645577,0.9992121,0.03717763,-0.008458981,1.03892,1.038513,-0.5306219,7.200199,0.2491289,-0.1402237,3.012991,0.9575933,0.02054885,-0.2873898,0.03231854,0.9834982,0.1780083,0.2863052,-0.1797476,0.9411271,static,19.21106,-12.67839,4.726744,-2.664606
327,05/08/2023 11:18:43.131705,509,True,True,True,True,Eyes,-0.07414621,0.1560442,4.009621,0.3228645,-0.2080759,0.9232892,0.0,0.0,0.0,0.0,0.0,0.0,0.0,1.33296,-0.9095289,-4.183994,-0.05449475,0.1455414,4.481705,0.08736639,0.1450377,-0.00298221,0.9855569,9.966606,16.84222,1.132399,-0.01505697,0.03611168,0.9992306,0.03901533,-0.009593803,1.038961,1.038513,-0.5306219,7.200199,0.2552467,-0.1659065,2.991554,0.9579104,0.01946456,-0.2864069,0.03122111,0.9847164,0.171344,0.2853647,-0.1730741,0.9426624,static,19.2742,-12.70022,4.876804,-3.174274
328,05/08/2023 11:18:43.152051,510,True,True,True,True,Eyes,-0.072648,0.1557108,4.030404,0.3238717,-0.2079531,0.9229641,0.0,0.0,0.0,0.0,0.0,0.0,0.0,1.327589,-0.8906617,-4.211721,-0.05098338,0.1490276,4.502173,0.0842621,0.1441821,-0.002200415,0.9859547,9.601337,16.73689,1.159901,-0.01466281,0.03577096,0.999249,0.04100059,-0.01016893,1.038963,1.038513,-0.5306219,7.200199,0.2625358,-0.1922072,2.970253,0.9584134,0.01995915,-0.2846848,0.02863719,0.9857901,0.1655227,0.2839432,-0.1667918,0.9442228,static,19.33617,-12.69729,5.051153,-3.702489
329,05/08/2023 11:18:43.161499,511,True,True,True,True,Eyes,-0.07108955,0.1555951,4.051124,0.3247013,-0.2082331,0.9226093,0.0,0.0,0.0,0.0,0.0,0.0,0.0,1.321116,-0.8610431,-4.241767,-0.0471493,0.14977,4.522684,0.08019169,0.1432807,-0.0008892563,0.9864275,9.117601,16.62729,1.231787,-0.01424612,0.03543787,0.9992673,0.04303517,-0.01055913,1.038974,1.038513,-0.5306219,7.200199,0.2694027,-0.221869,2.94769,0.9589397,0.02122547,-0.2828147,0.02473422,0.987137,0.1579517,0.2825294,-0.1584614,0.9460799,static,19.38891,-12.71856,5.222012,-4.304466
330,05/08/2023 11:18:43.181714,512,True,True,True,True,Eyes,-0.0694437,0.1555578,4.071856,0.3254559,-0.2079875,0.9223989,0.0,0.0,0.0,0.0,0.0,0.0,0.0,1.306291,-0.9174228,-4.25518,-0.04412072,0.1549546,4.541879,0.08551159,0.1414777,-0.0002020196,0.9862413,9.713828,16.44449,1.383463,-0.01380653,0.03512399,0.9992849,0.04512842,-0.01027266,1.038796,1.038513,-0.5306219,7.200199,0.2810502,-0.2006962,2.930787,0.9599681,0.02379748,-0.2790968,0.02459444,0.9853755,0.168613,0.2790277,-0.1687273,0.9453437,static,19.4347,-12.70685,5.477676,-3.917419
331,05/08/2023 11:18:43.191705,513,True,True,True,True,Eyes,-0.06775165,0.1553415,4.092474,0.3260177,-0.2078422,0.9222332,0.0,0.0,0.0,0.0,0.0,0.0,0.0,1.292589,-0.8568754,-4.294285,-0.04044084,0.1566746,4.562863,0.07809152,0.1395121,-0.000356061,0.9871363,8.874653,16.18359,1.222898,-0.01334588,0.03483356,0.9993016,0.04735826,-0.009768055,1.038664,1.038513,-0.5306219,7.200199,0.2958989,-0.2482988,2.905658,0.9610724,0.02108647,-0.2754906,0.02249239,0.9878032,0.1540746,0.2753794,-0.1542733,0.9488761,static,19.46896,-12.70047,5.814694,-4.884263
332,05/08/2023 11:18:43.213502,514,True,True,True,True,Eyes,-0.06608783,0.1553277,4.113039,0.3264236,-0.2091015,0.9218048,0.0,0.0,0.0,0.0,0.0,0.0,0.0,1.279269,-0.8609514,-4.316236,-0.03760882,0.1522036,4.580729,0.07892489,0.137584,-0.00183588,0.987339,8.995473,15.94853,1.049581,-0.01286416,0.03455281,0.9993178,0.04959291,-0.009831066,1.038199,1.038513,-0.5306219,7.200199,0.3105928,-0.2401176,2.886484,0.9621346,0.01809232,-0.2719738,0.02534287,0.9875349,0.1553461,0.2713943,-0.1563564,0.949683,static,19.49975,-12.78064,6.141538,-4.755309
333,05/08/2023 11:18:43.231854,515,True,True,True,True,Eyes,-0.06439242,0.155443,4.1336,0.3267004,-0.2095901,0.9215958,0.0,0.0,0.0,0.0,0.0,0.0,0.0,1.261824,-0.9946893,-4.313068,-0.0354926,0.1574384,4.599795,0.09393877,0.1345842,-0.008786476,0.9864003,10.81786,15.58281,0.4638284,-0.01236921,0.03429374,0.9993331,0.05160879,-0.009282597,1.037604,1.038513,-0.5306219,7.200199,0.334742,-0.154274,2.872832,0.9636198,0.007951384,-0.2671585,0.04261931,0.9821966,0.1829574,0.263857,-0.1876875,0.9461252,static,19.51912,-12.81234,6.646128,-3.073889
334,05/08/2023 11:18:43.241986,516,True,True,True,True,Eyes,-0.06276227,0.1554657,4.154017,0.3270262,-0.2109937,0.9211599,0.0,0.0,0.0,0.0,0.0,0.0,0.0,1.26597,-0.8956953,-4.355227,-0.0330121,0.1605892,4.620181,0.08310129,0.1338244,-0.01541858,0.9873943,9.685171,15.39645,359.523,-0.01186248,0.03406102,0.9993473,0.05359852,-0.008379636,1.03703,1.038513,-0.5306219,7.200199,0.3498626,-0.2121234,2.84869,0.9637066,-0.008206466,-0.2668375,0.05269039,0.9857129,0.1599807,0.2617123,-0.1682342,0.9503704,static,19.54566,-12.90118,7.001733,-4.258584
335,05/08/2023 11:18:43.261642,517,True,True,True,True,Eyes,-0.06114902,0.1555599,4.174372,0.3270465,-0.2132677,0.9206288,0.0,0.0,0.0,0.0,0.0,0.0,0.0,1.260875,-0.9783885,-4.356674,-0.03211565,0.1586453,4.636967,0.09297732,0.1321187,-0.02120397,0.9866359,10.89865,15.15786,358.9921,-0.01135019,0.03384624,0.9993607,0.05527305,-0.007808685,1.036058,1.038513,-0.5306219,7.200199,0.3658385,-0.1497172,2.83465,0.9641901,-0.01727311,-0.264649,0.06640926,0.9818112,0.1778666,0.256763,-0.1890724,0.9477997,static,19.5572,-13.04276,7.353915,-3.023371
336,05/08/2023 11:18:43.282096,518,True,True,True,True,Eyes,-0.05949485,0.1557445,4.194621,0.3271679,-0.2153783,0.9200942,0.0,0.0,0.0,0.0,0.0,0.0,0.0,1.241391,-1.084353,-4.357408,-0.0308421,0.1606883,4.655868,0.1044322,0.1290699,-0.02413381,0.9858258,12.24743,14.78837,358.7906,-0.0108367,0.03365187,0.999373,0.05679641,-0.007057549,1.034961,1.038513,-0.5306219,7.200199,0.3864306,-0.08767796,2.817451,0.965517,-0.02062537,-0.2595215,0.07454157,0.977023,0.199674,0.2494401,-0.2121338,0.9448698,static,19.57442,-13.17474,7.809737,-1.782446
337,05/08/2023 11:18:43.292107,519,True,True,True,True,Eyes,-0.05785337,0.1560305,4.214794,0.326996,-0.2180192,0.9195331,0.0,0.0,0.0,0.0,0.0,0.0,0.0,1.214924,-1.088799,-4.383098,-0.02972878,0.1630942,4.673926,0.1041216,0.1257315,-0.02411752,0.9862903,12.20751,14.39557,358.7459,-0.01032188,0.03348079,0.9993844,0.05835115,-0.006080488,1.033608,1.038513,-0.5306219,7.200199,0.4088211,-0.09553188,2.797888,0.9672198,-0.02139101,-0.253038,0.07375649,0.9771541,0.1993236,0.2429933,-0.2114529,0.9467006,static,19.57594,-13.3384,8.313102,-1.955564
338,05/08/2023 11:18:43.311739,520,True,True,True,True,Eyes,-0.05620228,0.156361,4.234933,0.3271583,-0.2199781,0.9190087,0.0,0.0,0.0,0.0,0.0,0.0,0.0,1.191388,-1.163454,-4.390066,-0.02833079,0.1659752,4.692266,0.1117558,0.1224413,-0.02596202,0.9858218,13.10288,13.99906,358.5985,-0.00980829,0.03333575,0.9993946,0.05977452,-0.004857531,1.032111,1.038513,-0.5306219,7.200199,0.4300163,-0.05779219,2.779366,0.9686682,-0.02382082,-0.2472134,0.0785549,0.9736732,0.2139849,0.2356078,-0.2267002,0.9450375,static,19.59524,-13.4613,8.794921,-1.191196
339,05/08/2023 11:18:43.331873,521,True,True,True,True,Eyes,-0.05457881,0.156696,4.254963,0.3272393,-0.2222031,0.9184445,0.0,0.0,0.0,0.0,0.0,0.0,0.0,1.184884,-1.127068,-4.422009,-0.02680923,0.1672997,4.711654,0.107177,0.1213143,-0.02653343,0.9864542,12.58502,13.85152,358.4533,-0.009296394,0.03321556,0.9994037,0.06114132,-0.0035746,1.030602,1.038513,-0.5306219,7.200199,0.4410841,-0.08725178,2.759111,0.9691576,-0.02634382,-0.2450296,0.07835223,0.9756182,0.2050126,0.2336545,-0.2178881,0.9475919,static,19.61085,-13.60047,9.082711,-1.811269
340,05/08/2023 11:18:43.341611,522,True,True,True,True,Eyes,-0.05457881,0.156696,4.254963,0.3272393,-0.2222031,0.9184445,0.0,0.0,0.0,0.0,0.0,0.0,0.0,1.18335,-1.169939,-4.42989,-0.02583054,0.1678281,4.729077,0.1115005,0.1206168,-0.02738286,0.9860372,13.09069,13.76513,358.4055,-0.0087914,0.03311777,0.9994116,0.06234324,-0.002355145,1.028856,1.038513,-0.5306219,7.200199,0.4478247,-0.06688678,2.742642,0.9694036,-0.02710337,-0.2439718,0.08089872,0.9736356,0.2132817,0.231759,-0.226493,0.9460384,static,19.61085,-13.60047,9.273545,-1.397036
341,05/08/2023 11:18:43.361677,523,True,True,True,True,Eyes,-0.05457881,0.156696,4.254963,0.3272393,-0.2222031,0.9184445,0.0,0.0,0.0,0.0,0.0,0.0,0.0,1.187069,-1.191154,-4.443148,-0.02474023,0.1688512,4.747675,0.1132029,0.1206963,-0.0268966,0.9858469,13.27906,13.78368,358.4865,-0.008506813,0.03312034,0.9994137,0.05860264,-0.002213837,0.9671245,1.038513,-0.5306219,7.200199,0.4501402,-0.06360906,2.72543,0.9694179,-0.02570552,-0.2440657,0.0803582,0.9729233,0.2167088,0.2318866,-0.2296941,0.945235,static,19.61085,-13.60047,9.378475,-1.336989
342,05/08/2023 11:18:43.381919,524,True,True,True,True,Eyes,-0.05457881,0.156696,4.254963,0.3272393,-0.2222031,0.9184445,0.0,0.0,0.0,0.0,0.0,0.0,0.0,1.195221,-1.200573,-4.457522,-0.02374102,0.1694873,4.765515,0.1136472,0.1213313,-0.02608008,0.9857397,13.31955,13.87018,358.5963,-0.008390929,0.03319726,0.9994122,0.05508648,-0.002081007,0.909097,1.038513,-0.5306219,7.200199,0.4494088,-0.06706959,2.709198,0.9691971,-0.02383841,-0.24513,0.07899427,0.9728083,0.2177245,0.2332743,-0.2303818,0.944726,static,19.61085,-13.60047,9.418606,-1.418139
343,05/08/2023 11:18:43.401516,525,True,True,True,True,Eyes,-0.05457881,0.156696,4.254963,0.3272393,-0.2222031,0.9184445,0.0,0.0,0.0,0.0,0.0,0.0,0.0,1.206219,-1.244936,-4.461581,-0.02268003,0.1696746,4.783432,0.1178949,0.1223023,-0.02493742,0.9851503,13.79143,14.00882,358.8025,-0.008401946,0.03332784,0.9994078,0.05178129,-0.001956146,0.8545512,1.038513,-0.5306219,7.200199,0.4457557,-0.05057025,2.693706,0.9688405,-0.02029659,-0.2468524,0.07797185,0.9709579,0.2261885,0.2350924,-0.2383881,0.9422859,static,19.61085,-13.60047,9.39618,-1.075515
344,05/08/2023 11:18:43.411750,526,True,True,True,True,Eyes,-0.05278673,0.1570843,4.277774,0.32857,-0.2246169,0.9173816,0.0,0.0,0.0,0.0,0.0,0.0,0.0,1.222469,-1.25606,-4.473257,-0.02159451,0.1698578,4.801336,0.1183908,0.1240441,-0.0226636,0.984928,13.81781,14.24714,359.0988,-0.008506653,0.03349578,0.9994012,0.04867442,-0.001838777,0.8032781,1.038513,-0.5306219,7.200199,0.4380602,-0.05570185,2.678441,0.9681988,-0.01527268,-0.2497154,0.07401539,0.97094,0.2275902,0.2389827,-0.2388353,0.9411934,static,19.70553,-13.75796,9.288514,-1.191373
345,05/08/2023 11:18:43.431770,527,True,True,True,True,Eyes,-0.0510205,0.1574608,4.300392,0.3300198,-0.2269764,0.9162798,0.0,0.0,0.0,0.0,0.0,0.0,0.0,1.238834,-1.298663,-4.475478,-0.02056734,0.1694925,4.81892,0.1223119,0.1258286,-0.02016815,0.9842765,14.23224,14.50437,359.4727,-0.008513,0.03362689,0.9993968,0.05113019,-0.0005635227,0.8235143,1.038513,-0.5306219,7.200199,0.4293364,-0.04267794,2.663861,0.9675208,-0.008921403,-0.2526339,0.07048275,0.9692661,0.235702,0.2427667,-0.2458529,0.938414,static,19.80768,-13.91296,9.155669,-0.9178621
346,05/08/2023 11:18:43.441898,528,True,True,True,True,Eyes,-0.04927731,0.1577632,4.322809,0.3321545,-0.2288453,0.9150428,0.0,0.0,0.0,0.0,0.0,0.0,0.0,1.255165,-1.318709,-4.484503,-0.01945857,0.1695442,4.836949,0.123659,0.1276805,-0.01725165,0.983925,14.34428,14.76986,359.8598,-0.008433916,0.03372615,0.9993942,0.05336107,0.0005997222,0.8419569,1.038513,-0.5306219,7.200199,0.4206432,-0.04434335,2.648694,0.9668002,-0.002370969,-0.2555227,0.06552634,0.9688216,0.238937,0.2469894,-0.2477478,0.9368123,static,19.95057,-14.04123,9.023872,-0.959133
347,05/08/2023 11:18:43.461978,529,True,True,True,True,Eyes,-0.04754187,0.1579797,4.345033,0.3344471,-0.2307245,0.9137348,0.0,0.0,0.0,0.0,0.0,0.0,0.0,1.275655,-1.32506,-4.495633,-0.0182194,0.1676837,4.854415,0.1236683,0.1300868,-0.01378428,0.9836634,14.29309,15.10447,0.299003,-0.008281268,0.03379532,0.9993931,0.05538899,0.001471041,0.858692,1.038513,-0.5306219,7.200199,0.4086964,-0.05171674,2.633877,0.9657748,0.005057024,-0.2593325,0.05929338,0.9690323,0.2397096,0.2525138,-0.2468822,0.9355672,static,20.10374,-14.17136,8.820195,-1.124871
348,05/08/2023 11:18:43.481972,530,True,True,True,True,Eyes,-0.04582351,0.1581211,4.367076,0.3373021,-0.2321878,0.9123136,0.0,0.0,0.0,0.0,0.0,0.0,0.0,1.299345,-1.351062,-4.50011,-0.01671821,0.1658015,4.872051,0.1257897,0.1328487,-0.01043433,0.9830664,14.48293,15.48938,0.7637941,-0.008065281,0.03383527,0.9993934,0.05727196,0.00203232,0.8738409,1.038513,-0.5306219,7.200199,0.3945462,-0.04797512,2.619317,0.9644847,0.01290672,-0.2638233,0.05393729,0.9681361,0.2445469,0.2585731,-0.2500916,0.9330564,static,20.29044,-14.27888,8.566031,-1.049306
349,05/08/2023 11:18:43.492184,531,True,True,True,True,Eyes,-0.04412566,0.158159,4.388944,0.3403223,-0.233471,0.9108634,0.0,0.0,0.0,0.0,0.0,0.0,0.0,1.330305,-1.354944,-4.509213,-0.01514445,0.1642881,4.889925,0.1255494,0.1362883,-0.007473044,0.9826531,14.40533,15.9385,1.155685,-0.007795646,0.03384706,0.999395,0.05899074,0.002334349,0.8875416,1.038513,-0.5306219,7.200199,0.3776844,-0.05605406,2.60474,0.9627393,0.01953502,-0.2697248,0.04890866,0.968363,0.244706,0.2659718,-0.24878,0.9313257,static,20.487,-14.37645,8.250324,-1.232816
350,05/08/2023 11:18:43.511979,532,True,True,True,True,Eyes,-0.04246594,0.1580872,4.410639,0.3436436,-0.2345674,0.9093334,0.0,0.0,0.0,0.0,0.0,0.0,0.0,1.36514,-1.34773,-4.52008,-0.01399122,0.1617915,4.90762,0.1244459,0.1398197,-0.006005476,0.9823072,14.25085,16.37191,1.359861,-0.007481323,0.03383032,0.9993976,0.06054484,0.002308103,0.8998909,1.038513,-0.5306219,7.200199,0.3621705,-0.0652132,2.589923,0.9608288,0.02300153,-0.2761865,0.04659843,0.9689543,0.2428089,0.2731971,-0.2461676,0.9299273,static,20.70194,-14.46443,7.960525,-1.44238
351,05/08/2023 11:18:43.531749,533,True,True,True,True,Eyes,-0.04083696,0.157965,4.43218,0.347037,-0.2356422,0.9077654,0.0,0.0,0.0,0.0,0.0,0.0,0.0,1.399405,-1.354974,-4.526418,-0.01295022,0.1590482,4.925169,0.1249982,0.1431835,-0.005185062,0.9817572,14.29537,16.78546,1.514671,-0.007131209,0.03378437,0.9994014,0.0618913,0.00195428,0.9109843,1.038513,-0.5306219,7.200199,0.3480703,-0.06474292,2.575197,0.9589432,0.02561444,-0.2824392,0.04597633,0.9686971,0.243951,0.2798467,-0.2469207,0.9277478,static,20.92176,-14.55194,7.697597,-1.440168
352,05/08/2023 11:18:43.552009,534,True,True,True,True,Eyes,-0.0392375,0.1577512,4.453572,0.3504998,-0.2364188,0.9062318,0.0,0.0,0.0,0.0,0.0,0.0,0.0,1.430636,-1.360247,-4.534521,-0.01209496,0.1577172,4.94306,0.1253221,0.1460179,-0.005345144,0.9812974,14.33066,17.12125,1.544118,-0.006752887,0.0337112,0.999406,0.06306477,0.00147041,0.9209471,1.038513,-0.5306219,7.200199,0.3379148,-0.06557137,2.560035,0.9573004,0.0261082,-0.2879137,0.0470889,0.9685316,0.2443956,0.2852343,-0.2475175,0.9259462,static,21.14478,-14.6215,7.519354,-1.467223
353,05/08/2023 11:18:43.561927,535,True,True,True,True,Eyes,-0.0376756,0.1574188,4.474804,0.3539951,-0.2372335,0.9046589,0.0,0.0,0.0,0.0,0.0,0.0,0.0,1.461983,-1.339928,-4.550047,-0.01129481,0.1556204,4.960986,0.1231681,0.1486461,-0.006413935,0.9811692,14.09936,17.40506,1.419763,-0.006353068,0.03361074,0.9994115,0.06407925,0.0007406903,0.9298659,1.038513,-0.5306219,7.200199,0.3301359,-0.07676864,2.544055,0.9557264,0.0240306,-0.2932739,0.04920322,0.969577,0.2397906,0.2901139,-0.2436043,0.9254679,static,21.37052,-14.69412,7.393817,-1.728416
354,05/08/2023 11:18:43.581643,536,True,True,True,True,Eyes,-0.03614341,0.1570185,4.49589,0.357355,-0.238214,0.9030789,0.0,0.0,0.0,0.0,0.0,0.0,0.0,1.493028,-1.339933,-4.55892,-0.01081024,0.1521088,4.978458,0.1234164,0.1511577,-0.008059475,0.980742,14.15322,17.68138,1.270653,-0.005938163,0.03348174,0.9994178,0.06492022,-0.0003009965,0.9377717,1.038513,-0.5306219,7.200199,0.3234043,-0.07368046,2.5285,0.9541728,0.02150214,-0.2984827,0.0531192,0.9694068,0.2396428,0.294504,-0.2445158,0.9238394,static,21.58907,-14.77689,7.288762,-1.669126
355,05/08/2023 11:18:43.591760,537,True,True,True,True,Eyes,-0.03466584,0.1565689,4.516849,0.3606701,-0.239061,0.9015358,0.0,0.0,0.0,0.0,0.0,0.0,0.0,1.518302,-1.355728,-4.565251,-0.01048241,0.1501002,4.996211,0.1251636,0.1530348,-0.00979463,0.9802135,14.38119,17.88981,1.130244,-0.005513248,0.03332547,0.9994259,0.06562157,-0.001483806,0.9447626,1.038513,-0.5306219,7.200199,0.3200229,-0.06474054,2.512914,0.9529688,0.0191071,-0.3024654,0.05751042,0.9684763,0.2423762,0.2975617,-0.2483719,0.9218289,static,21.80447,-14.85137,7.257627,-1.475793
356,05/08/2023 11:18:43.611854,538,True,True,True,True,Eyes,-0.03321217,0.1560298,4.537653,0.3637462,-0.2398799,0.9000813,0.0,0.0,0.0,0.0,0.0,0.0,0.0,1.541114,-1.337879,-4.582461,-0.01032849,0.1484756,5.014154,0.1233652,0.1545497,-0.01163721,0.9801837,14.20773,18.03344,0.9054393,-0.005084345,0.03314401,0.9994345,0.06611697,-0.002743393,0.9509536,1.038513,-0.5306219,7.200199,0.3194584,-0.0735091,2.496513,0.9519579,0.01531889,-0.3058454,0.06094532,0.9692912,0.2382441,0.3001029,-0.2454382,0.9217908,static,22.00492,-14.92299,7.292046,-1.686571
357,05/08/2023 11:18:43.631869,539,True,True,True,True,Eyes,-0.03181673,0.1553894,4.558309,0.3667604,-0.2408546,0.8985966,0.0,0.0,0.0,0.0,0.0,0.0,0.0,1.561149,-1.335225,-4.595373,-0.01031371,0.1457777,5.031511,0.123323,0.1557539,-0.01374021,0.9799711,14.24012,18.1466,0.6789806,-0.004655574,0.03293769,0.9994437,0.06651096,-0.004196206,0.9563082,1.038513,-0.5306219,7.200199,0.3203925,-0.07213068,2.480506,0.9511039,0.01148605,-0.3086575,0.06534611,0.9692053,0.2374258,0.3018795,-0.2459862,0.9210643,static,22.20273,-15.00454,7.359814,-1.665636
358,05/08/2023 11:18:43.641702,540,True,True,True,True,Eyes,-0.03046163,0.1546858,4.578798,0.3696521,-0.2421733,0.8970559,0.0,0.0,0.0,0.0,0.0,0.0,0.0,1.582129,-1.350178,-4.602523,-0.01032018,0.1427811,5.048646,0.1251786,0.1570473,-0.01600098,0.9794951,14.49227,18.27796,0.4717874,-0.004231427,0.03270606,0.9994534,0.06670663,-0.005865521,0.9608966,1.038513,-0.5306219,7.200199,0.3206383,-0.06104147,2.464988,0.9501603,0.007972146,-0.31166,0.07066368,0.9681486,0.2401978,0.3036481,-0.2502495,0.9193329,static,22.39521,-15.10769,7.411251,-1.418548
359,05/08/2023 11:18:43.661688,541,True,True,True,True,Eyes,-0.02916942,0.1539286,4.599128,0.3725705,-0.2437418,0.8954223,0.0,0.0,0.0,0.0,0.0,0.0,0.0,1.607975,-1.383902,-4.601863,-0.01037719,0.1406371,5.065375,0.1290365,0.1587436,-0.01895966,0.9786678,14.98625,18.45679,0.2287739,-0.00381322,0.03244954,0.9994637,0.06676953,-0.007624443,0.9647119,1.038513,-0.5306219,7.200199,0.3189176,-0.04019052,2.450491,0.948882,0.003857044,-0.3156075,0.07807786,0.9659802,0.2465483,0.3058216,-0.2585872,0.9163001,static,22.59139,-15.22746,7.415046,-0.9396241
360,05/08/2023 11:18:43.681928,542,True,True,True,True,Eyes,-0.02795245,0.1532805,4.619294,0.3754211,-0.2456708,0.8937029,0.0,0.0,0.0,0.0,0.0,0.0,0.0,1.644324,-1.408216,-4.599859,-0.01060753,0.1387051,5.081951,0.1320374,0.1614074,-0.02240935,0.9777585,15.39282,18.73795,359.9288,-0.003408437,0.03217234,0.9994744,0.06663998,-0.009438762,0.9678176,1.038513,-0.5306219,7.200199,0.3130767,-0.02301413,2.436613,0.946891,-0.001198267,-0.3215525,0.08644547,0.964128,0.2509672,0.3097171,-0.2654353,0.9130276,static,22.786,-15.37044,7.32173,-0.54115
361,05/08/2023 11:18:43.692151,543,True,True,True,True,Eyes,-0.02680098,0.1526975,4.639341,0.3784097,-0.2473401,0.8919804,0.0,0.0,0.0,0.0,0.0,0.0,0.0,1.686425,-1.452575,-4.589006,-0.01128632,0.1407914,5.098336,0.1368543,0.1645102,-0.02640318,0.9764785,16.0191,19.07115,359.6104,-0.003018686,0.03188249,0.9994852,0.06629251,-0.0108165,0.9702477,1.038513,-0.5306219,7.200199,0.3054227,-0.0004184246,2.424339,0.9444785,-0.006536436,-0.3285082,0.09659213,0.9611476,0.2585832,0.3140546,-0.2759576,0.9084146,static,22.98838,-15.49833,7.1804,-0.009888869
362,05/08/2023 11:18:43.711961,544,True,True,True,True,Eyes,-0.02576157,0.152089,4.65922,0.3815782,-0.248838,0.8902122,0.0,0.0,0.0,0.0,0.0,0.0,0.0,1.739599,-1.41015,-4.60164,-0.01173489,0.1418046,5.11562,0.1329836,0.1686435,-0.03089523,0.9761763,15.66733,19.47663,359.0797,-0.002646567,0.03158599,0.9994958,0.06576936,-0.01191676,0.9721745,1.038513,-0.5306219,7.200199,0.2954226,-0.01740426,2.411031,0.9412097,-0.01546475,-0.3374686,0.105172,0.9627217,0.2492103,0.3210344,-0.2700514,0.9077495,static,23.20178,-15.61709,6.985607,-0.4135879
363,05/08/2023 11:18:43.731751,545,True,True,True,True,Eyes,-0.02479205,0.1518953,4.679006,0.3847877,-0.2508745,0.8882569,0.0,0.0,0.0,0.0,0.0,0.0,0.0,1.80391,-1.404247,-4.596105,-0.0126542,0.1406219,5.131301,0.1331733,0.1740206,-0.03484811,0.975073,15.77355,20.05976,358.7133,-0.002296909,0.0312843,0.9995063,0.06494144,-0.01302709,0.9734792,1.038513,-0.5306219,7.200199,0.2781381,-0.01343137,2.39965,0.9370048,-0.0216091,-0.3486473,0.1143087,0.962101,0.2475788,0.330084,-0.271836,0.9039633,static,23.42198,-15.77151,6.611525,-0.3206938
364,05/08/2023 11:18:43.741518,546,True,True,True,True,Eyes,-0.02390307,0.1517219,4.698737,0.3883556,-0.2508845,0.8867,0.0,0.0,0.0,0.0,0.0,0.0,0.0,1.85168,-1.472537,-4.575808,-0.0133701,0.1505587,5.149005,0.1398203,0.1774667,-0.03912435,0.9733576,16.62323,20.43396,358.413,-0.001969999,0.03099764,0.9995152,0.06395352,-0.01282661,0.9744281,1.038513,-0.5306219,7.200199,0.2694004,0.009687304,2.388554,0.9339497,-0.02653708,-0.3564178,0.1257909,0.9578391,0.2583039,0.3345363,-0.2860769,0.8979117,static,23.65239,-15.79843,6.435085,0.2323743
365,05/08/2023 11:18:43.761567,547,True,True,True,True,Eyes,-0.02312847,0.1512977,4.718197,0.3920564,-0.2515886,0.8848699,0.0,0.0,0.0,0.0,0.0,0.0,0.0,1.929584,-1.227375,-4.636019,-0.01382654,0.1504814,5.167163,0.1151571,0.1848689,-0.0405331,0.9751511,13.86162,21.2077,357.847,-0.001668376,0.03072676,0.9995235,0.06278324,-0.01257722,0.9751555,1.038513,-0.5306219,7.200199,0.2498033,-0.1066715,2.372925,0.9283612,-0.03647387,-0.3698855,0.1216297,0.9701918,0.2096045,0.3512148,-0.2395777,0.9051247,static,23.89654,-15.87166,6.009524,-2.573918
366,05/08/2023 11:18:43.782072,548,True,True,True,True,Eyes,-0.022407,0.1510869,4.73756,0.3956336,-0.2529512,0.8828872,0.0,0.0,0.0,0.0,0.0,0.0,0.0,1.982017,-1.308949,-4.605926,-0.01583144,0.1441733,5.180275,0.124236,0.1893992,-0.04120028,0.9731371,14.91608,21.77009,358.0354,-0.001395708,0.03045974,0.9995317,0.06134005,-0.01309512,0.9750268,1.038513,-0.5306219,7.200199,0.2322075,-0.0606232,2.36421,0.9248609,-0.03312663,-0.3788599,0.1272475,0.9657359,0.2261907,0.3583857,-0.257404,0.8973866,static,24.13779,-15.98725,5.609474,-1.46886
367,05/08/2023 11:18:43.792304,549,True,True,True,True,Eyes,-0.02169337,0.1510303,4.756819,0.3995773,-0.2529381,0.8811132,0.0,0.0,0.0,0.0,0.0,0.0,0.0,2.012492,-1.426439,-4.576985,-0.01590073,0.149118,5.197226,0.1345608,0.1924936,-0.03673883,0.9713342,15.99485,22.25477,358.8336,-0.001151243,0.03020696,0.9995394,0.05982406,-0.01294188,0.974614,1.038513,-0.5306219,7.200199,0.2179101,-0.02815002,2.353181,0.9231929,-0.01956719,-0.3838384,0.1231755,0.9610873,0.247263,0.3640639,-0.275551,0.8896793,static,24.39388,-16.017,5.290637,-0.6853704
368,05/08/2023 11:18:43.811929,550,True,True,True,True,Eyes,-0.02105944,0.1508619,4.775876,0.4033976,-0.2533372,0.8792557,0.0,0.0,0.0,0.0,0.0,0.0,0.0,2.051772,-1.300506,-4.616101,-0.01548258,0.1523758,5.214021,0.1195426,0.1972983,-0.02826317,0.9726172,14.10448,22.87699,359.5388,-0.000932102,0.02997451,0.9995465,0.05837549,-0.01233515,0.9739155,1.038513,-0.5306219,7.200199,0.1998878,-0.1150091,2.338613,0.9205491,-0.007807387,-0.3905488,0.1021496,0.9698215,0.2213858,0.3770342,-0.2436909,0.8935659,static,24.6454,-16.07311,4.885356,-2.815443
369,05/08/2023 11:18:43.832109,551,True,True,True,True,Eyes,-0.02042253,0.1507348,4.794779,0.4073508,-0.2541253,0.8772033,0.0,0.0,0.0,0.0,0.0,0.0,0.0,2.084819,-1.372608,-4.595971,-0.01588893,0.1495149,5.227893,0.1258792,0.2009427,-0.0232049,0.9712045,14.70454,23.42133,0.3267247,-0.0007394118,0.02975577,0.9995532,0.05677474,-0.01210037,0.9726495,1.038513,-0.5306219,7.200199,0.1830272,-0.09312984,2.328555,0.9181671,0.005515631,-0.3961549,0.09566242,0.9672319,0.2351832,0.3844709,-0.2538347,0.8875529,static,24.90895,-16.15627,4.494276,-2.290306
370,05/08/2023 11:18:43.841918,552,True,True,True,True,Eyes,-0.01976648,0.1506972,4.813512,0.4110838,-0.2548482,0.8752499,0.0,0.0,0.0,0.0,0.0,0.0,0.0,2.11426,-1.459518,-4.57319,-0.01523247,0.1503878,5.243235,0.1332002,0.2043905,-0.01793494,0.9696188,15.40489,23.96488,1.169064,-0.0005699427,0.02955174,0.9995594,0.05527899,-0.01175562,0.9710003,1.038513,-0.5306219,7.200199,0.1666154,-0.07123077,2.317548,0.9158058,0.01966959,-0.4011395,0.08922982,0.9638721,0.2509754,0.3915837,-0.2656383,0.8809645,static,25.15832,-16.23407,4.112088,-1.760455
371,05/08/2023 11:18:43.861640,553,True,True,True,True,Eyes,-0.01911743,0.1507106,4.832064,0.4148076,-0.2560676,0.8731346,0.0,0.0,0.0,0.0,0.0,0.0,0.0,2.141233,-1.470099,-4.574428,-0.0146203,0.1523789,5.25814,0.132331,0.2077582,-0.01118829,0.9691233,15.13766,24.46228,1.976928,-0.000420124,0.02936541,0.9995651,0.0539304,-0.01116289,0.9689408,1.038513,-0.5306219,7.200199,0.1514196,-0.08907324,2.305713,0.9134226,0.03330005,-0.4056478,0.07667139,0.9647266,0.2518412,0.3997256,-0.261139,0.87865,static,25.41139,-16.34504,3.757304,-2.212324
372,05/08/2023 11:18:43.882056,554,True,True,True,True,Eyes,-0.01841602,0.1507811,4.850443,0.4181144,-0.2575066,0.8711318,0.0,0.0,0.0,0.0,0.0,0.0,0.0,2.160965,-1.554566,-4.553661,-0.01415986,0.1536898,5.272424,0.1400696,0.2097432,-0.009569156,0.9676244,15.967,24.79703,2.398718,-0.0002879956,0.02919751,0.9995702,0.05264172,-0.01045289,0.9664598,1.038513,-0.5306219,7.200199,0.144664,-0.06116563,2.295223,0.9118325,0.04023861,-0.4085859,0.077276,0.9605778,0.2670555,0.4032245,-0.2750837,0.8727766,static,25.63947,-16.46768,3.606486,-1.52652
373,05/08/2023 11:18:43.892178,555,True,True,True,True,Eyes,-0.01772813,0.1508443,4.868623,0.4213924,-0.2592903,0.8690206,0.0,0.0,0.0,0.0,0.0,0.0,0.0,2.185597,-1.574285,-4.552282,-0.01326487,0.155114,5.287178,0.1414065,0.2119564,-0.008680921,0.9669558,16.09004,25.09127,2.574326,-0.0001690698,0.02904878,0.9995747,0.05158746,-0.009614355,0.9636084,1.038513,-0.5306219,7.200199,0.138669,-0.06139386,2.283227,0.9099982,0.0431559,-0.41236,0.07673217,0.9598577,0.2697877,0.4074499,-0.2771477,0.8701573,static,25.86898,-16.61356,3.475519,-1.540259
374,05/08/2023 11:18:43.911692,556,True,True,True,True,Eyes,-0.01772813,0.1508443,4.868623,0.4213924,-0.2592903,0.8690206,0.0,0.0,0.0,0.0,0.0,0.0,0.0,2.20671,-1.629639,-4.538299,-0.01291158,0.1550788,5.300683,0.1467882,0.2136896,-0.009084163,0.9657679,16.7029,25.34999,2.704124,-6.244885e-05,0.02891699,0.9995788,0.05055589,-0.008847906,0.960333,1.038513,-0.5306219,7.200199,0.1351538,-0.0404405,2.27243,0.9085085,0.04518782,-0.4154159,0.08028059,0.9567415,0.2796443,0.4100821,-0.287409,0.86558,static,25.86898,-16.61356,3.403682,-1.019536
375,05/08/2023 11:18:43.931864,557,True,True,True,True,Eyes,-0.01772813,0.1508443,4.868623,0.4213924,-0.2592903,0.8690206,0.0,0.0,0.0,0.0,0.0,0.0,0.0,2.220374,-1.683519,-4.52882,-0.01230485,0.1566,5.315057,0.1519839,0.2144839,-0.01029118,0.9647754,17.31803,25.48236,2.722104,-6.025152e-05,0.02886529,0.9995806,0.04752254,-0.008317032,0.9027131,1.038513,-0.5306219,7.200199,0.1366777,-0.02143627,2.260777,0.9077815,0.04533886,-0.4169859,0.08505357,0.95359,0.288846,0.4107295,-0.2976752,0.8617951,static,25.86898,-16.61356,3.459667,-0.5432519
376,05/08/2023 11:18:43.951769,558,True,True,True,True,Eyes,-0.01702278,0.1510255,4.887777,0.4241021,-0.2614457,0.8670546,0.0,0.0,0.0,0.0,0.0,0.0,0.0,2.23093,-1.680075,-4.541808,-0.01185686,0.1578994,5.329413,0.1513092,0.2148124,-0.0111527,0.9647989,17.26294,25.50057,2.609995,-0.0001350375,0.02887353,0.9995806,0.04467119,-0.00781801,0.8485503,1.038513,-0.5306219,7.200199,0.1414726,-0.02869701,2.248631,0.9074625,0.04348596,-0.4178766,0.08652641,0.9539623,0.2871743,0.4111266,-0.2967573,0.8619223,static,26.06463,-16.7798,3.600019,-0.7311688
377,05/08/2023 11:18:43.965549,559,True,True,True,True,Eyes,-0.01630406,0.1511957,4.906715,0.4266074,-0.2635476,0.865187,0.0,0.0,0.0,0.0,0.0,0.0,0.0,2.229434,-1.69554,-4.552737,-0.0112585,0.1582426,5.342984,0.1525607,0.214036,-0.01185624,0.9647659,17.42434,25.40791,2.548817,-0.0001852221,0.02887403,0.9995807,0.04410695,-0.006805245,0.855098,1.038513,-0.5306219,7.200199,0.1503363,-0.02674758,2.236624,0.9080961,0.04242998,-0.4166069,0.08818397,0.9531693,0.2892955,0.4093717,-0.2994461,0.8618277,static,26.24704,-16.94144,3.845394,-0.6851625
378,05/08/2023 11:18:43.981718,560,True,True,True,True,Eyes,-0.01558008,0.1513499,4.925417,0.4286784,-0.2656793,0.86351,0.0,0.0,0.0,0.0,0.0,0.0,0.0,2.220388,-1.707195,-4.568916,-0.01020651,0.1581501,5.356727,0.1531651,0.2127252,-0.01142644,0.9649652,17.4852,25.26233,2.590677,-0.0002138421,0.02886803,0.9995811,0.04361671,-0.005886506,0.8606063,1.038513,-0.5306219,7.200199,0.1605574,-0.02884501,2.22396,0.9092349,0.04311193,-0.4140451,0.08721641,0.9528198,0.2907367,0.4070445,-0.3004594,0.8625769,static,26.40151,-17.10176,4.12927,-0.743091
379,05/08/2023 11:18:43.992069,561,True,True,True,True,Eyes,-0.01484526,0.1514718,4.943908,0.430557,-0.2680224,0.8618496,0.0,0.0,0.0,0.0,0.0,0.0,0.0,2.215929,-1.731641,-4.577142,-0.009306787,0.1579771,5.36974,0.1554935,0.2116142,-0.01275022,0.9648206,17.78481,25.12971,2.480188,-0.0002239148,0.02885647,0.9995816,0.04317164,-0.005070635,0.865076,1.038513,-0.5306219,7.200199,0.1705542,-0.0209955,2.212046,0.9101138,0.04120589,-0.4123046,0.09041257,0.9513184,0.2946503,0.4043742,-0.3054428,0.8620824,static,26.54548,-17.27491,4.408924,-0.5438032
380,05/08/2023 11:18:44.011896,562,True,True,True,True,Eyes,-0.01410135,0.1515433,4.962172,0.4319168,-0.2704116,0.8604217,0.0,0.0,0.0,0.0,0.0,0.0,0.0,2.215648,-1.762495,-4.581241,-0.008289573,0.1574176,5.38316,0.1587445,0.2107232,-0.01518713,0.9644508,18.21617,25.0136,2.269048,-0.0002177834,0.02883941,0.9995823,0.04278578,-0.004400722,0.8686438,1.038513,-0.5306219,7.200199,0.1801559,-0.007594109,2.199617,0.9107302,0.03760781,-0.4112861,0.09619677,0.9491391,0.2998019,0.4016426,-0.312603,0.8607919,static,26.65586,-17.44679,4.682262,-0.1978111
381,05/08/2023 11:18:44.031849,563,True,True,True,True,Eyes,-0.0133487,0.1515743,4.980226,0.4330877,-0.2729958,0.8590158,0.0,0.0,0.0,0.0,0.0,0.0,0.0,2.216376,-1.78779,-4.586228,-0.007517854,0.1563495,5.396064,0.1615144,0.2098929,-0.01770058,0.964129,18.59472,24.89687,2.035839,-0.0001976002,0.02881623,0.9995831,0.04245039,-0.003922147,0.8713166,1.038513,-0.5306219,7.200199,0.1895803,0.004402578,2.187476,0.9112633,0.03367015,-0.4104454,0.1019327,0.9471996,0.304011,0.3990098,-0.3188719,0.8597162,static,26.75575,-17.63029,4.953232,0.115315
382,05/08/2023 11:18:44.041705,564,True,True,True,True,Eyes,-0.01261533,0.151573,4.998097,0.4340195,-0.2754734,0.8577538,0.0,0.0,0.0,0.0,0.0,0.0,0.0,2.21178,-1.819339,-4.591352,-0.006528554,0.155501,5.409089,0.1647661,0.20861,-0.01988059,0.9638147,19.02026,24.73459,1.843988,-0.0001652012,0.02878668,0.9995841,0.04216131,-0.003593656,0.8732011,1.038513,-0.5306219,7.200199,0.2004059,0.01757574,2.174967,0.9121733,0.03042128,-0.4086741,0.1070661,0.9449138,0.3093133,0.3955715,-0.3259025,0.858668,static,26.8392,-17.80478,5.264485,0.4629928
383,05/08/2023 11:18:44.061746,565,True,True,True,True,Eyes,-0.0118547,0.1515281,5.015775,0.4347839,-0.2779595,0.8565637,0.0,0.0,0.0,0.0,0.0,0.0,0.0,2.20301,-1.841445,-4.602087,-0.005350205,0.1547824,5.42212,0.16685,0.2070527,-0.02128123,0.9637622,19.29427,24.53976,1.704456,-0.0001231748,0.02875079,0.9995852,0.04183175,-0.00338197,0.8744217,1.038513,-0.5306219,7.200199,0.2119167,0.0244956,2.162287,0.9133526,0.02807338,-0.4062006,0.1101135,0.9434164,0.3127947,0.3919975,-0.3304201,0.8585805,static,26.91193,-17.97852,5.597442,0.6490509
384,05/08/2023 11:18:44.081759,566,True,True,True,True,Eyes,-0.01105363,0.1514408,5.033256,0.4354525,-0.2802406,0.8554802,0.0,0.0,0.0,0.0,0.0,0.0,0.0,2.194522,-1.853772,-4.616516,-0.003913034,0.1537317,5.435161,0.1679362,0.2055686,-0.02248557,0.9638637,19.44975,24.34649,1.561736,-7.203195e-05,0.02870815,0.9995865,0.04160371,-0.003313833,0.8749912,1.038513,-0.5306219,7.200199,0.2229025,0.02718675,2.149402,0.9144719,0.02569877,-0.4038325,0.1123909,0.9425836,0.3144906,0.3887279,-0.3329799,0.8590779,static,26.97679,-18.13791,5.920661,0.7246681
385,05/08/2023 11:18:44.092062,567,True,True,True,True,Eyes,-0.01021968,0.1513139,5.050561,0.4359991,-0.2824382,0.8544785,0.0,0.0,0.0,0.0,0.0,0.0,0.0,2.186912,-1.866761,-4.630013,-0.002528345,0.1526521,5.448035,0.1691068,0.2041695,-0.0237468,0.9639264,19.6157,24.16291,1.415716,-1.17363e-05,0.02865851,0.9995881,0.04151072,-0.003376787,0.8749328,1.038513,-0.5306219,7.200199,0.2334343,0.03036016,2.136656,0.9155018,0.02327257,-0.4016401,0.1148332,0.941678,0.3163162,0.3855772,-0.3357098,0.8594354,static,27.03302,-18.29072,6.23496,0.8140722
386,05/08/2023 11:18:44.111917,568,True,True,True,True,Eyes,-0.009325125,0.1510925,5.067666,0.4365478,-0.2843027,0.8535795,0.0,0.0,0.0,0.0,0.0,0.0,0.0,2.180321,-1.868615,-4.647726,-0.0008906245,0.1515868,5.461126,0.1690274,0.2030009,-0.02437316,0.9641715,19.62351,24.00682,1.315572,5.750828e-05,0.02860167,0.9995897,0.04152191,-0.003555053,0.8743544,1.038513,-0.5306219,7.200199,0.2426511,0.02739376,2.123797,0.9163932,0.02162558,-0.3996947,0.1156252,0.9416714,0.3160471,0.3832158,-0.3358382,0.8604409,static,27.08665,-18.42143,6.517977,0.7389877
387,05/08/2023 11:18:44.131994,569,True,True,True,True,Eyes,-0.008399289,0.1508173,5.084582,0.4368826,-0.2862967,0.8527412,0.0,0.0,0.0,0.0,0.0,0.0,0.0,2.167242,-1.870184,-4.667932,0.0005811318,0.1490889,5.473745,0.1688706,0.2013468,-0.02425456,0.9645486,19.60507,23.80497,1.290364,0.0001364705,0.02853555,0.9995916,0.04171427,-0.004005999,0.8732056,1.038513,-0.5306219,7.200199,0.2534074,0.02456337,2.110719,0.9177424,0.02121372,-0.3966092,0.1147925,0.9417889,0.3160007,0.3802257,-0.335535,0.8618844,static,27.1273,-18.5588,6.846015,0.6667464
388,05/08/2023 11:18:44.141585,570,True,True,True,True,Eyes,-0.007411646,0.1504931,5.101324,0.4373321,-0.2879501,0.8519539,0.0,0.0,0.0,0.0,0.0,0.0,0.0,2.142679,-1.904468,-4.67986,0.002285329,0.1475602,5.486108,0.1717093,0.1987282,-0.0237686,0.9646026,19.92011,23.52216,1.364771,0.0002247287,0.02845982,0.9995938,0.04198892,-0.004591223,0.8715621,1.038513,-0.5306219,7.200199,0.2668712,0.0324313,2.097507,0.9198843,0.02239246,-0.39155,0.1141015,0.9399019,0.3218156,0.3752249,-0.3407095,0.862046,static,27.17272,-18.67463,7.250931,0.8858274
389,05/08/2023 11:18:44.161721,571,True,True,True,True,Eyes,-0.006373305,0.1501238,5.117889,0.4375917,-0.2896163,0.8512555,0.0,0.0,0.0,0.0,0.0,0.0,0.0,2.117857,-1.908783,-4.704096,0.004382221,0.1460077,5.498723,0.1713912,0.1962638,-0.02235504,0.9651973,19.85418,23.24492,1.469576,0.0003230533,0.02837443,0.9995962,0.04243251,-0.005288274,0.8694936,1.038513,-0.5306219,7.200199,0.2794365,0.02600485,2.08411,0.9219615,0.02412172,-0.3865296,0.1104298,0.9402506,0.3220776,0.3712038,-0.3396276,0.8642111,static,27.20563,-18.78946,7.636647,0.7148811
390,05/08/2023 11:18:44.181986,572,True,True,True,True,Eyes,-0.005256497,0.1497266,5.134284,0.4380232,-0.2910726,0.8505365,0.0,0.0,0.0,0.0,0.0,0.0,0.0,2.093398,-1.927797,-4.721591,0.006659129,0.1445642,5.511007,0.1726463,0.19379,-0.0215276,0.9654922,19.98176,22.97103,1.545356,0.0004316516,0.02827949,0.9995989,0.04300159,-0.006078819,0.8670214,1.038513,-0.5306219,7.200199,0.2916221,0.02667344,2.0708,0.923964,0.02534482,-0.3816389,0.1084837,0.9394596,0.3250337,0.3667722,-0.341721,0.8652773,static,27.24831,-18.89209,8.016011,0.7379712
391,05/08/2023 11:18:44.192331,573,True,True,True,True,Eyes,-0.004085017,0.1492867,5.15051,0.4382944,-0.2923977,0.8499421,0.0,0.0,0.0,0.0,0.0,0.0,0.0,2.071629,-1.934285,-4.743048,0.009050825,0.1434513,5.52349,0.1727151,0.1915122,-0.02101143,0.9659458,19.98138,22.70309,1.558614,0.0005516809,0.02817575,0.9996017,0.04377192,-0.00690584,0.864184,1.038513,-0.5306219,7.200199,0.3032877,0.02259684,2.057432,0.9257632,0.02556228,-0.3772388,0.1067459,0.939456,0.3256189,0.3627228,-0.3417147,0.8669851,static,27.27905,-18.98428,8.385626,0.6292561
392,05/08/2023 11:18:44.217619,574,True,True,True,True,Eyes,-0.002867985,0.1488341,5.166579,0.4387165,-0.2936226,0.8493018,0.0,0.0,0.0,0.0,0.0,0.0,0.0,2.04992,-1.932486,-4.767241,0.01155036,0.1419666,5.535609,0.1719515,0.1893402,-0.02011497,0.966529,19.87745,22.44752,1.598364,0.000683223,0.02806337,0.9996048,0.04466005,-0.007811002,0.8610118,1.038513,-0.5306219,7.200199,0.3140921,0.01514864,2.044261,0.9274914,0.02623128,-0.3729232,0.1039981,0.9400561,0.3247752,0.359088,-0.3400095,0.869166,static,27.31913,-19.07141,8.734948,0.4245726
393,05/08/2023 11:18:44.231898,575,True,True,True,True,Eyes,-0.001589135,0.1483502,5.182493,0.4389237,-0.2946512,0.8488383,0.0,0.0,0.0,0.0,0.0,0.0,0.0,2.023488,-1.948934,-4.785944,0.01394976,0.1411797,5.547791,0.173037,0.1865814,-0.02002848,0.9668736,20.00387,22.1226,1.575835,0.0008259937,0.02794356,0.9996079,0.04563154,-0.008700166,0.8575579,1.038513,-0.5306219,7.200199,0.3274015,0.01536769,2.030781,0.9295725,0.02584094,-0.3677326,0.103301,0.9393141,0.3271359,0.3538699,-0.3420837,0.8704912,static,27.34292,-19.14306,9.15839,0.4335705
394,05/08/2023 11:18:44.241781,576,True,True,True,True,Eyes,-0.0002907655,0.1478719,5.198274,0.4392895,-0.295556,0.8483345,0.0,0.0,0.0,0.0,0.0,0.0,0.0,1.994044,-1.935653,-4.817606,0.01673661,0.1399149,5.559895,0.1711618,0.183642,-0.01939409,0.9677827,19.78052,21.7578,1.542276,0.0009802813,0.02781672,0.9996113,0.0467302,-0.009629991,0.8538463,1.038513,-0.5306219,7.200199,0.34117,0.003586292,2.016887,0.9317991,0.02532646,-0.3620901,0.1004035,0.940655,0.3241717,0.3488119,-0.3384179,0.8739585,static,27.37629,-19.20811,9.601078,0.1018794
395,05/08/2023 11:18:44.261631,577,True,True,True,True,Eyes,0.001091219,0.1474253,5.213929,0.4394637,-0.2960954,0.8480561,0.0,0.0,0.0,0.0,0.0,0.0,0.0,1.959142,-1.944058,-4.842448,0.01958296,0.1395525,5.571988,0.1714147,0.1801056,-0.01943835,0.9684013,19.81587,21.32765,1.467731,0.001144841,0.02768447,0.9996147,0.0478215,-0.01048699,0.8499583,1.038513,-0.5306219,7.200199,0.3570887,0.0001508594,2.002726,0.9343683,0.02409725,-0.355493,0.09939376,0.9404783,0.3249946,0.342165,-0.3389984,0.8763579,static,27.39324,-19.24644,10.10967,0.004315919
396,05/08/2023 11:18:44.281676,578,True,True,True,True,Eyes,0.00255481,0.1469886,5.229439,0.4397531,-0.2963796,0.8478068,0.0,0.0,0.0,0.0,0.0,0.0,0.0,1.932622,-1.904282,-4.883211,0.02299611,0.139805,5.584532,0.1669556,0.1774097,-0.01920119,0.969682,19.30523,20.96315,1.335789,0.001320824,0.02754907,0.9996181,0.04909816,-0.01119767,0.8459259,1.038513,-0.5306219,7.200199,0.3698446,-0.02245754,1.988426,0.9363143,0.022001,-0.3504734,0.09647717,0.9435143,0.3169747,0.3376504,-0.3306006,0.8813033,static,27.41554,-19.26881,10.53653,-0.6470783
397,05/08/2023 11:18:44.291648,579,True,True,True,True,Eyes,0.004086938,0.1465554,5.244793,0.4398589,-0.2965486,0.8476928,0.0,0.0,0.0,0.0,0.0,0.0,0.0,1.908731,-1.87418,-4.917918,0.02619328,0.1395312,5.596567,0.1636125,0.1749216,-0.01937718,0.9706998,18.93021,20.62846,1.188496,0.00150903,0.02741178,0.9996215,0.05054304,-0.01183594,0.8416992,1.038513,-0.5306219,7.200199,0.3817127,-0.03924286,1.974407,0.938054,0.01961987,-0.3459333,0.09485757,0.945711,0.3108583,0.333252,-0.3244162,0.8852668,static,27.42432,-19.28138,10.94202,-1.138648
398,05/08/2023 11:18:44.311928,580,True,True,True,True,Eyes,0.005673671,0.1461305,5.259996,0.4399449,-0.2967285,0.8475852,0.0,0.0,0.0,0.0,0.0,0.0,0.0,1.884481,-1.862791,-4.944705,0.0293975,0.1391722,5.60813,0.162089,0.1724719,-0.0195092,0.9713908,18.76172,20.31611,1.089838,0.001709603,0.02727349,0.9996248,0.05210685,-0.01242522,0.8372611,1.038513,-0.5306219,7.200199,0.3927176,-0.04878646,1.960871,0.9397457,0.01800947,-0.3413997,0.09381371,0.9466931,0.3081739,0.3287507,-0.3216331,0.8879611,static,27.43188,-19.29449,11.3252,-1.425225
399,05/08/2023 11:18:44.331631,581,True,True,True,True,Eyes,0.007318196,0.1459157,5.27507,0.4397785,-0.2972271,0.8474968,0.0,0.0,0.0,0.0,0.0,0.0,0.0,1.860178,-1.872242,-4.963351,0.03246849,0.1389441,5.619612,0.1625893,0.1700024,-0.0198993,0.9717346,18.8295,20.01334,1.00539,0.001922138,0.02713508,0.9996281,0.05374063,-0.01295438,0.8326344,1.038513,-0.5306219,7.200199,0.4035325,-0.05036169,1.947646,0.9414065,0.01660743,-0.3368652,0.09395479,0.9463375,0.3092213,0.3239235,-0.322753,0.8893278,static,27.42546,-19.32637,11.70549,-1.481209
400,05/08/2023 11:18:44.341731,582,True,True,True,True,Eyes,0.009008087,0.1458868,5.29007,0.4397487,-0.2973134,0.8474821,0.0,0.0,0.0,0.0,0.0,0.0,0.0,1.827978,-1.925264,-4.968706,0.03554309,0.1438517,5.631539,0.1667332,0.1668126,-0.02044082,0.9715738,19.31776,19.649,0.9658177,0.002146394,0.02700402,0.999631,0.05544977,-0.01282157,0.8278977,1.038513,-0.5306219,7.200199,0.4164243,-0.04325187,1.935531,0.9435114,0.01590689,-0.3309579,0.09534593,0.9435645,0.3171676,0.3173252,-0.3308068,0.8887472,static,27.42428,-19.33187,12.14195,-1.280133
401,05/08/2023 11:18:44.361930,583,True,True,True,True,Eyes,0.01075138,0.1457752,5.304873,0.4395416,-0.2973001,0.8475942,0.0,0.0,0.0,0.0,0.0,0.0,0.0,1.799928,-1.875184,-5.012706,0.03899907,0.1481797,5.644448,0.1609432,0.1641462,-0.01975741,0.9730175,18.64401,19.29388,0.8700504,0.002381862,0.02688563,0.9996335,0.05719246,-0.01213909,0.823222,1.038513,-0.5306219,7.200199,0.4282514,-0.07469332,1.921245,0.9453313,0.01438781,-0.3257939,0.09128505,0.9474139,0.3067149,0.3130746,-0.3196873,0.8943067,static,27.41015,-19.32871,12.56598,-2.226399
402,05/08/2023 11:18:44.381740,584,True,True,True,True,Eyes,0.01257151,0.1457569,5.319509,0.439377,-0.2981188,0.8473919,0.0,0.0,0.0,0.0,0.0,0.0,0.0,1.766395,-1.872421,-5.036859,0.04205132,0.1460462,5.654464,0.1601154,0.1613087,-0.01794177,0.9736636,18.51696,18.9784,1.010191,0.002627976,0.02677588,0.9996357,0.05899078,-0.01174548,0.818239,1.038513,-0.5306219,7.200199,0.4382223,-0.08224028,1.908222,0.9473152,0.01671752,-0.3198664,0.08659452,0.9480823,0.3060088,0.3083753,-0.3175854,0.8966851,static,27.40697,-19.38225,12.93369,-2.467798
403,05/08/2023 11:18:44.391939,585,True,True,True,True,Eyes,0.01445794,0.1458448,5.334065,0.4390739,-0.298277,0.8474933,0.0,0.0,0.0,0.0,0.0,0.0,0.0,1.719293,-1.976475,-5.025649,0.0451608,0.1484066,5.665289,0.1691344,0.1570237,-0.01779071,0.9728416,19.55241,18.5316,1.124976,0.002885045,0.02667693,0.9996375,0.06091174,-0.01109574,0.8130528,1.038513,-0.5306219,7.200199,0.4529953,-0.05606616,1.896161,0.950054,0.01850113,-0.3115365,0.08773129,0.9421541,0.3234948,0.2995003,-0.334669,0.8934742,static,27.38801,-19.38963,13.43619,-1.693642
404,05/08/2023 11:18:44.411871,586,True,True,True,True,Eyes,0.01641092,0.145912,5.34847,0.439001,-0.2984678,0.8474639,0.0,0.0,0.0,0.0,0.0,0.0,0.0,1.697826,-1.88939,-5.080412,0.04866093,0.1509355,5.677838,0.1603239,0.1547389,-0.01840702,0.9746864,18.55577,18.17733,0.8301123,0.003153213,0.02659073,0.9996388,0.06291631,-0.01016615,0.8079388,1.038513,-0.5306219,7.200199,0.4642222,-0.09431446,1.880828,0.951434,0.01373453,-0.307546,0.08549882,0.9479148,0.3068344,0.2957416,-0.3182275,0.9007043,static,27.38494,-19.40172,13.86453,-2.870703
405,05/08/2023 11:18:44.431874,587,True,True,True,True,Eyes,0.01839654,0.1460158,5.362769,0.4387928,-0.2986357,0.8475126,0.0,0.0,0.0,0.0,0.0,0.0,0.0,1.684958,-1.845289,-5.113098,0.05140907,0.1505393,5.688817,0.1564232,0.1527072,-0.02224636,0.9755601,18.17949,17.8351,0.2634511,0.003432344,0.02651501,0.9996397,0.0650003,-0.009354705,0.8026754,1.038513,-0.5306219,7.200199,0.4762787,-0.1061444,1.866688,0.9523712,0.004368559,-0.3049098,0.09117921,0.9500738,0.2984061,0.2909904,-0.3119948,0.9044246,static,27.3725,-19.41079,14.31343,-3.254473
406,05/08/2023 11:18:44.441956,588,True,True,True,True,Eyes,0.01839654,0.1460158,5.362769,0.4387928,-0.2986357,0.8475126,0.0,0.0,0.0,0.0,0.0,0.0,0.0,1.678585,-1.829207,-5.134079,0.0542075,0.1515843,5.70057,0.1549884,0.1513474,-0.02587672,0.9759114,18.07988,17.59632,359.7835,0.003721349,0.0264495,0.9996403,0.06705713,-0.008482018,0.797413,1.038513,-0.5306219,7.200199,0.4853209,-0.110719,1.853472,0.9528487,-0.00359258,-0.3034244,0.09742095,0.950618,0.2946771,0.2873821,-0.3103426,0.9061451,static,27.3725,-19.41079,14.67315,-3.41856
407,05/08/2023 11:18:44.461605,589,True,True,True,True,Eyes,0.01839654,0.1460158,5.362769,0.4387928,-0.2986357,0.8475126,0.0,0.0,0.0,0.0,0.0,0.0,0.0,1.679259,-1.751785,-5.173928,0.0569395,0.1523647,5.712419,0.1476897,0.1509625,-0.02779283,0.9770495,17.27701,17.47787,359.4168,0.003913725,0.02642232,0.9996404,0.0630337,-0.007973097,0.7495682,1.038513,-0.5306219,7.200199,0.4908531,-0.1381682,1.839408,0.9528757,-0.009718735,-0.303205,0.09890115,0.9548306,0.280209,0.2867861,-0.2969917,0.9107962,static,27.3725,-19.41079,14.94143,-4.295739
408,05/08/2023 11:18:44.481866,590,True,True,True,True,Eyes,0.02044393,0.1461461,5.377907,0.4414951,-0.2996965,0.8457329,0.0,0.0,0.0,0.0,0.0,0.0,0.0,1.68046,-1.739456,-5.189958,0.05909302,0.1523862,5.723513,0.1465205,0.150619,-0.02968284,0.9772229,17.17601,17.39837,359.1678,0.004031491,0.02642385,0.99964,0.05925168,-0.007494711,0.7045941,1.038513,-0.5306219,7.200199,0.4951868,-0.1427603,1.827779,0.9528657,-0.01387596,-0.3030749,0.102151,0.9553013,0.2774249,0.2856783,-0.2953081,0.9116913,static,27.56576,-19.51245,15.15884,-4.466071
409,05/08/2023 11:18:44.491787,591,True,True,True,True,Eyes,0.02249173,0.1462771,5.392882,0.444086,-0.3006574,0.8440336,0.0,0.0,0.0,0.0,0.0,0.0,0.0,1.677273,-1.7285,-5.207388,0.061463,0.1525734,5.735049,0.1451161,0.1502728,-0.02937461,0.9774951,17.00942,17.35583,359.1723,0.004184012,0.02642112,0.9996396,0.06183875,-0.006653918,0.7077329,1.038513,-0.5306219,7.200199,0.4977483,-0.1517909,1.815834,0.9531105,-0.01381308,-0.3023072,0.101041,0.9561569,0.2748721,0.2852563,-0.2925289,0.9127189,static,27.75098,-19.60666,15.32913,-4.778414
410,05/08/2023 11:18:44.511938,592,True,True,True,True,Eyes,0.02451952,0.1464199,5.40772,0.4466061,-0.3019047,0.8422568,0.0,0.0,0.0,0.0,0.0,0.0,0.0,1.673009,-1.731813,-5.219857,0.06351876,0.1526966,5.746102,0.1448983,0.1499855,-0.02807659,0.9776098,16.96156,17.34259,359.3153,0.004366712,0.02641494,0.9996391,0.06427183,-0.005861963,0.7101942,1.038513,-0.5306219,7.200199,0.4991497,-0.1579358,1.80495,0.9534321,-0.01143062,-0.3013911,0.09836116,0.9564324,0.2748857,0.2851181,-0.29173,0.9130177,static,27.93474,-19.72008,15.45851,-5.000731
411,05/08/2023 11:18:44.531800,593,True,True,True,True,Eyes,0.02654245,0.146608,5.422423,0.4490236,-0.3030982,0.8405411,0.0,0.0,0.0,0.0,0.0,0.0,0.0,1.667814,-1.762362,-5.223879,0.06563719,0.1532361,5.757487,0.1471493,0.1495785,-0.02695908,0.9773672,17.19968,17.32362,359.4796,0.004574973,0.02640625,0.9996384,0.06649889,-0.005081762,0.7120943,1.038513,-0.5306219,7.200199,0.5005862,-0.1558106,1.794632,0.9537989,-0.00867709,-0.3003202,0.09671857,0.9552406,0.2795728,0.2844522,-0.2957028,0.9119467,static,28.11148,-19.82925,15.58566,-4.961997
412,05/08/2023 11:18:44.541924,594,True,True,True,True,Eyes,0.02858354,0.1467911,5.436982,0.4514337,-0.3044088,0.8387746,0.0,0.0,0.0,0.0,0.0,0.0,0.0,1.66546,-1.773371,-5.233633,0.06754227,0.1545037,5.768976,0.1475708,0.1493971,-0.02593955,0.977359,17.23009,17.3216,359.6034,0.004805077,0.02639676,0.9996376,0.06857774,-0.004212609,0.7134784,1.038513,-0.5306219,7.200199,0.5019344,-0.160561,1.784058,0.9540153,-0.006611216,-0.299685,0.09479778,0.9551,0.2807086,0.2843733,-0.2962098,0.9118068,static,28.28942,-19.9469,15.71364,-5.142628
413,05/08/2023 11:18:44.561739,595,True,True,True,True,Eyes,0.03060663,0.1469489,5.451378,0.4537597,-0.305886,0.8369802,0.0,0.0,0.0,0.0,0.0,0.0,0.0,1.66506,-1.782335,-5.243198,0.06938405,0.1546224,5.780272,0.1478795,0.1494457,-0.02464117,0.9773386,17.2428,17.35154,359.7621,0.005054296,0.02638659,0.9996366,0.07058635,-0.003410402,0.7143475,1.038513,-0.5306219,7.200199,0.502246,-0.1649463,1.773557,0.9541175,-0.003965622,-0.2994059,0.09236541,0.9550489,0.2816916,0.2848302,-0.2964216,0.9115953,static,28.46385,-20.07553,15.81136,-5.313398
414,05/08/2023 11:18:44.581597,596,True,True,True,True,Eyes,0.03257413,0.1470982,5.465625,0.4561337,-0.3078708,0.8349596,0.0,0.0,0.0,0.0,0.0,0.0,0.0,1.663311,-1.829908,-5.238959,0.07097139,0.154205,5.790772,0.1517229,0.1494464,-0.02301961,0.9767888,17.65488,17.40087,0.02274608,0.005319131,0.02637533,0.9996355,0.07242043,-0.002732412,0.7146738,1.038513,-0.5306219,7.200199,0.501704,-0.157124,1.764997,0.9542717,0.0003782933,-0.2989404,0.09031947,0.9529005,0.289522,0.28497,-0.3032828,0.9092918,static,28.64753,-20.24021,15.86791,-5.087187
415,05/08/2023 11:18:44.601585,597,True,True,True,True,Eyes,0.03451515,0.1472509,5.479715,0.4584065,-0.3101942,0.8328522,0.0,0.0,0.0,0.0,0.0,0.0,0.0,1.659364,-1.904198,-5.225305,0.07258055,0.1542694,5.801225,0.1579622,0.149269,-0.02148141,0.9758613,18.34339,17.44425,0.3158175,0.005595487,0.02636304,0.9996342,0.07397772,-0.002120673,0.7145357,1.038513,-0.5306219,7.200199,0.5013537,-0.1417019,1.757213,0.9545146,0.005231945,-0.2981181,0.08908344,0.949173,0.3018852,0.2845451,-0.3147113,0.9055335,static,28.82863,-20.42775,15.92408,-4.610365
416,05/08/2023 11:18:44.611965,598,True,True,True,True,Eyes,0.03648282,0.1474227,5.493642,0.4606625,-0.312835,0.8306168,0.0,0.0,0.0,0.0,0.0,0.0,0.0,1.655956,-1.982155,-5.208905,0.0738887,0.1545861,5.81158,0.1645495,0.1491106,-0.02013561,0.9748251,19.07581,17.49325,0.5950289,0.005880521,0.02635006,0.9996328,0.07536211,-0.001535356,0.7139337,1.038513,-0.5306219,7.200199,0.50133,-0.1251914,1.749648,0.9547211,0.009814758,-0.2973402,0.08832957,0.9450361,0.3148092,0.2840869,-0.3268189,0.9013789,static,29.01288,-20.63787,15.9887,-4.092672
417,05/08/2023 11:18:44.631792,599,True,True,True,True,Eyes,0.03842513,0.1476081,5.507431,0.462846,-0.3155017,0.8283914,0.0,0.0,0.0,0.0,0.0,0.0,0.0,1.649053,-2.047951,-5.197324,0.07534858,0.1552971,5.822015,0.1698992,0.148768,-0.01826206,0.9739963,19.65745,17.52633,0.9112493,0.006173157,0.02633714,0.9996312,0.07674339,-0.0009275799,0.7128786,1.038513,-0.5306219,7.200199,0.5016673,-0.114271,1.741503,0.9550691,0.01497677,-0.2960044,0.08612547,0.9416016,0.3255287,0.2835936,-0.3363959,0.8980048,static,29.19335,-20.84987,16.06987,-3.754155
418,05/08/2023 11:18:44.641749,600,True,True,True,True,Eyes,0.04037692,0.1478081,5.521096,0.4651179,-0.317886,0.8262045,0.0,0.0,0.0,0.0,0.0,0.0,0.0,1.643469,-2.087813,-5.194998,0.07667612,0.1558167,5.832478,0.1728397,0.1486006,-0.01602162,0.9735438,19.95583,17.57351,1.229736,0.006471112,0.02632471,0.9996296,0.07796571,-0.0003157244,0.7114706,1.038513,-0.5306219,7.200199,0.5017077,-0.1118885,1.732847,0.9553223,0.02017266,-0.2948768,0.08256368,0.9397395,0.3317724,0.2838001,-0.3412957,0.8960886,static,29.37766,-21.04446,16.14721,-3.694413
419,05/08/2023 11:18:44.661706,601,True,True,True,True,Eyes,0.04230078,0.1480141,5.534653,0.4673262,-0.3199998,0.8241398,0.0,0.0,0.0,0.0,0.0,0.0,0.0,1.64297,-2.086121,-5.208082,0.0781605,0.1561666,5.843362,0.1720281,0.1487901,-0.01404827,0.9736891,19.82718,17.63015,1.451849,0.006773385,0.02631314,0.9996278,0.07914315,0.0003031398,0.709778,1.038513,-0.5306219,7.200199,0.5013799,-0.1215597,1.723022,0.9553283,0.02383486,-0.294584,0.07854945,0.9404179,0.3308233,0.2849173,-0.3391842,0.8965357,static,29.55528,-21.22036,16.2244,-4.035549
420,05/08/2023 11:18:44.681510,602,True,True,True,True,Eyes,0.04419599,0.1481849,5.548108,0.4696838,-0.3217404,0.8221194,0.0,0.0,0.0,0.0,0.0,0.0,0.0,1.64297,-2.072668,-5.225731,0.07940388,0.1564695,5.854296,0.1702282,0.14887,-0.01261954,0.9740129,19.5948,17.65406,1.587583,0.00707814,0.0263025,0.9996258,0.08016614,0.0009029324,0.7078621,1.038513,-0.5306219,7.200199,0.5022603,-0.1336063,1.712695,0.955357,0.02610055,-0.2942989,0.07526691,0.9417262,0.3278515,0.2857061,-0.3353662,0.8977202,static,29.7397,-21.37314,16.34416,-4.460575
421,05/08/2023 11:18:44.691890,603,True,True,True,True,Eyes,0.04605911,0.1483266,5.561455,0.471964,-0.3233007,0.8201991,0.0,0.0,0.0,0.0,0.0,0.0,0.0,1.643661,-2.046294,-5.248124,0.08085069,0.1558407,5.86523,0.1673686,0.1489669,-0.01136598,0.9745089,19.24394,17.66749,1.682008,0.00738379,0.02629174,0.9996238,0.08104181,0.001361058,0.7057552,1.038513,-0.5306219,7.200199,0.5032156,-0.1479062,1.701584,0.9553593,0.02771227,-0.2941438,0.07201727,0.9437171,0.3228181,0.2865345,-0.3295907,0.8995932,static,29.91725,-21.51304,16.47472,-4.967817
422,05/08/2023 11:18:44.711674,604,True,True,True,True,Eyes,0.04789146,0.1484387,5.574712,0.474355,-0.3248648,0.8181993,0.0,0.0,0.0,0.0,0.0,0.0,0.0,1.64772,-2.034378,-5.263501,0.08193788,0.1552596,5.875993,0.1659784,0.1491747,-0.01105139,0.9747184,19.07839,17.68758,1.696289,0.007688855,0.02628013,0.9996216,0.08176863,0.00170457,0.7034528,1.038513,-0.5306219,7.200199,0.5046341,-0.1558461,1.691168,0.9552495,0.02797556,-0.2944753,0.07106353,0.9446581,0.3202672,0.2871381,-0.3268615,0.9003962,static,30.10322,-21.65548,16.61478,-5.265104
423,05/08/2023 11:18:44.731624,605,True,True,True,True,Eyes,0.04968832,0.1485053,5.587855,0.4766812,-0.3263755,0.8162438,0.0,0.0,0.0,0.0,0.0,0.0,0.0,1.655935,-2.027337,-5.275988,0.08308999,0.1546511,5.887057,0.165136,0.1496259,-0.01141185,0.9747882,18.98741,17.72846,1.646466,0.007992155,0.026267,0.9996195,0.08235959,0.001938644,0.7010167,1.038513,-0.5306219,7.200199,0.5057743,-0.1609734,1.68079,0.9549638,0.02716898,-0.295476,0.07166551,0.9451997,0.3185303,0.287938,-0.3253604,0.9006844,static,30.28466,-21.79402,16.74731,-5.470675
424,05/08/2023 11:18:44.741537,606,True,True,True,True,Eyes,0.05143398,0.1485243,5.600906,0.4792282,-0.3280919,0.8140615,0.0,0.0,0.0,0.0,0.0,0.0,0.0,1.666366,-2.028746,-5.283766,0.08402872,0.1536294,5.897466,0.1651352,0.1502693,-0.01186151,0.9746841,18.9943,17.79759,1.606408,0.008292479,0.02625139,0.9996173,0.08280857,0.002022016,0.6983834,1.038513,-0.5306219,7.200199,0.5062587,-0.1625817,1.671414,0.9545569,0.02650704,-0.2968476,0.07275195,0.9451794,0.3183444,0.2890126,-0.3254741,0.900299,static,30.48481,-21.95096,16.85117,-5.555795
425,05/08/2023 11:18:44.761665,607,True,True,True,True,Eyes,0.05314379,0.1484867,5.613848,0.4817994,-0.3298257,0.8118402,0.0,0.0,0.0,0.0,0.0,0.0,0.0,1.686768,-2.038983,-5.285235,0.08528456,0.1525534,5.908113,0.1660063,0.1517701,-0.0126323,0.9742937,19.10572,17.97119,1.56305,0.008588471,0.0262324,0.9996153,0.08307704,0.001957826,0.6956335,1.038513,-0.5306219,7.200199,0.5038651,-0.1607999,1.662866,0.9536125,0.02577445,-0.2999314,0.07500473,0.9445647,0.3196434,0.2915432,-0.3273122,0.8988155,static,30.68768,-22.11039,16.85734,-5.523353
426,05/08/2023 11:18:44.781731,608,True,True,True,True,Eyes,0.05482252,0.1483798,5.62667,0.4845296,-0.3317611,0.8094231,0.0,0.0,0.0,0.0,0.0,0.0,0.0,1.715969,-2.049075,-5.283522,0.08611054,0.1511768,5.918496,0.166955,0.1539865,-0.01356797,0.9737711,19.22815,18.22897,1.516802,0.008879323,0.02620906,0.9996133,0.08322185,0.001727346,0.6927224,1.038513,-0.5306219,7.200199,0.4996614,-0.1580095,1.655311,0.9522082,0.02499345,-0.3044257,0.07784183,0.9438839,0.3209733,0.2953648,-0.3293304,0.8968284,static,30.9052,-22.28742,16.79662,-5.45271
427,05/08/2023 11:18:44.791717,609,True,True,True,True,Eyes,0.05646191,0.14823,5.639381,0.4872869,-0.33388,0.8068926,0.0,0.0,0.0,0.0,0.0,0.0,0.0,1.746445,-2.075945,-5.274253,0.08694664,0.1494612,5.92853,0.1694346,0.1563832,-0.01432147,0.9729497,19.5228,18.52504,1.527566,0.009164448,0.02618025,0.9996115,0.08326471,0.001303092,0.6896241,1.038513,-0.5306219,7.200199,0.4943983,-0.1502347,1.648676,0.9506784,0.02512529,-0.3091591,0.08086158,0.9421737,0.3252234,0.2994528,-0.3341819,0.8936725,static,31.12801,-22.47904,16.69272,-5.206666
428,05/08/2023 11:18:44.811996,610,True,True,True,True,Eyes,0.05804963,0.1480547,5.651983,0.490178,-0.3361429,0.8041974,0.0,0.0,0.0,0.0,0.0,0.0,0.0,1.777143,-2.11608,-5.259408,0.08761888,0.148339,5.938663,0.1730573,0.1588021,-0.01505959,0.9719086,19.94846,18.83478,1.566114,0.0094432,0.02614566,0.9996098,0.08318701,0.0007756365,0.6863812,1.038513,-0.5306219,7.200199,0.4890711,-0.1395481,1.642558,0.9491103,0.02569062,-0.3138946,0.08423682,0.9396488,0.3316087,0.3034699,-0.3411747,0.8896661,static,31.36333,-22.68422,16.58088,-4.856062
429,05/08/2023 11:18:44.831990,611,True,True,True,True,Eyes,0.059586,0.1478458,5.664474,0.4931509,-0.3384878,0.8013914,0.0,0.0,0.0,0.0,0.0,0.0,0.0,1.81202,-2.142769,-5.247972,0.08813004,0.1476247,5.948657,0.1754617,0.1615519,-0.01581909,0.9710119,20.23443,19.17514,1.586121,0.009714741,0.02610548,0.9996083,0.08295894,0.0002030277,0.6830039,1.038513,-0.5306219,7.200199,0.4830807,-0.1330017,1.636627,0.9473016,0.02597127,-0.3192888,0.08741339,0.9379259,0.3356396,0.3081863,-0.345862,0.8862283,static,31.60682,-22.89798,16.44494,-4.645974
430,05/08/2023 11:18:44.841824,612,True,True,True,True,Eyes,0.06106646,0.1476031,5.67686,0.4962433,-0.3409818,0.7984197,0.0,0.0,0.0,0.0,0.0,0.0,0.0,1.85595,-2.161123,-5.236268,0.08846714,0.1466231,5.958538,0.1773303,0.1648835,-0.01750919,0.9700829,20.47656,19.56335,1.499022,0.00997839,0.0260597,0.9996069,0.08259052,-0.0004356733,0.6794959,1.038513,-0.5306219,7.200199,0.4762895,-0.1263816,1.630995,0.9450137,0.02450699,-0.3261112,0.09244844,0.9364948,0.3382763,0.3136916,-0.3498242,0.8827347,static,31.86227,-23.12592,16.27906,-4.430847
431,05/08/2023 11:18:44.861468,613,True,True,True,True,Eyes,0.06248643,0.1473304,5.689144,0.499401,-0.3435549,0.7953419,0.0,0.0,0.0,0.0,0.0,0.0,0.0,1.906793,-2.178775,-5.221922,0.08875346,0.1456773,5.968441,0.179256,0.1687125,-0.01969764,0.9690282,20.73551,20.00305,1.366953,0.01023351,0.02600831,0.9996057,0.08207646,-0.001137797,0.6758851,1.038513,-0.5306219,7.200199,0.4684146,-0.118872,1.625764,0.9422961,0.02231031,-0.3340362,0.09866059,0.9349586,0.3407617,0.3199125,-0.3540546,0.8788067,static,32.12501,-23.36235,16.07273,-4.18189
733,05/08/2023 11:18:49.901916,915,True,True,True,True,Eyes,-0.492507,0.1501204,9.808522,-0.4431852,-0.4248566,0.7893565,0.0,0.0,0.0,0.0,0.0,0.0,0.0,-3.052841,-2.858763,-9.227198,-0.515434,0.1596292,10.11644,0.1414513,-0.173002,0.04248722,0.9737848,16.86915,340.1522,2.024342,-0.05058335,0.01516937,0.9986035,-0.0983161,0.003364292,0.6990541,-1.381278,-0.5317547,11.39845,-0.3868982,-0.2128681,1.635924,0.9365304,0.03380409,0.3489532,-0.1316895,0.9563728,0.2607855,-0.3249137,-0.2901869,0.9001237,static,-29.31208,-28.29054,-13.30604,-7.413731
2242,05/08/2023 11:19:15.042173,2424,True,True,True,True,Eyes,-0.9867302,0.1931832,34.3039,0.7093334,-0.1161586,0.6952362,0.0,0.0,0.0,0.0,0.0,0.0,0.0,20.36542,-3.516081,-27.8511,-0.9400905,0.1814111,34.66814,0.05107188,0.2962977,-0.0005915775,0.953729,5.610659,34.59941,1.677678,-0.02870369,0.005691551,0.9995714,0.08577787,-0.0101412,0.8018019,0.4443315,0.01796366,35.89451,0.4433869,-9.30056e-05,1.802979,0.8244146,0.02913656,-0.5652359,0.03139337,0.9947826,0.09706692,0.565115,-0.09776804,0.8191986,static,45.57504,-9.485247,13.81597,-0.002955569
2243,05/08/2023 11:19:15.062123,2425,True,True,True,True,Eyes,-0.9840364,0.1936264,34.3199,0.7102163,-0.1142134,0.6946567,0.0,0.0,0.0,0.0,0.0,0.0,0.0,20.22998,-4.471283,-27.83093,-0.936841,0.1959657,34.68269,0.06612121,0.2940681,-0.002692904,0.9534909,7.335303,34.40581,1.950236,-0.02862583,0.005674997,0.9995738,0.08825153,-0.009370409,0.8014843,0.4443315,0.01796366,35.89451,0.4562719,0.03524193,1.788404,0.8270334,0.03375296,-0.5611386,0.0440236,0.9912415,0.1245081,0.5604264,-0.1276757,0.8183039,static,45.63455,-9.336868,14.31244,1.128913
2244,05/08/2023 11:19:15.082040,2426,True,True,True,True,Eyes,-0.9812551,0.193531,34.33578,0.7111006,-0.1118572,0.6941354,0.0,0.0,0.0,0.0,0.0,0.0,0.0,20.20905,-3.037237,-28.06063,-0.9304773,0.2053861,34.70045,0.04304034,0.2933684,0.0001534779,0.9550301,4.710411,34.21248,1.468828,-0.02854453,0.005662525,0.9995762,0.09103776,-0.007478479,0.8014147,0.4443315,0.01796366,35.89451,0.4643031,-0.05414254,1.76988,0.82787,0.0255465,-0.560338,0.02496019,0.996295,0.08229969,0.5603644,-0.0821196,0.8241651,static,45.6917,-9.154294,14.69951,-1.752194
2245,05/08/2023 11:19:15.092490,2427,True,True,True,True,Eyes,-0.9784537,0.1935405,34.35159,0.7116518,-0.1116387,0.6936054,0.0,0.0,0.0,0.0,0.0,0.0,0.0,20.18923,-2.718563,-28.12353,-0.9262982,0.1922307,34.71359,0.03801169,0.2929291,0.001186614,0.9553776,4.125183,34.14299,1.409648,-0.02845996,0.005650898,0.9995786,0.09391966,-0.007316052,0.8009601,0.4443315,0.01796366,35.89451,0.4702569,-0.05975517,1.754666,0.8283822,0.02453679,-0.5596257,0.02000213,0.9971074,0.07332621,0.5598061,-0.07193583,0.8254952,static,45.73576,-9.143576,15.00292,-1.950455
2246,05/08/2023 11:19:15.112089,2428,True,True,True,True,Eyes,-0.975552,0.1939559,34.36748,0.7122664,-0.1098564,0.6932591,0.0,0.0,0.0,0.0,0.0,0.0,0.0,19.99581,-4.245002,-28.09024,-0.922962,0.195237,34.72786,0.06352558,0.2895523,-0.005874796,0.9550338,7.165757,33.82553,1.476558,-0.02837254,0.00564057,0.9995811,0.09668856,-0.006848657,0.8003268,0.4443315,0.01796366,35.89451,0.4872945,0.02740233,1.738902,0.8322499,0.0255667,-0.5538108,0.04800921,0.9918599,0.117936,0.552318,-0.1247403,0.824248,static,45.77478,-9.00443,15.65453,0.9028155
2247,05/08/2023 11:19:15.132383,2429,True,True,True,True,Eyes,-0.9726484,0.1942007,34.3833,0.7128093,-0.1079283,0.6930038,0.0,0.0,0.0,0.0,0.0,0.0,0.0,19.99987,-2.783473,-28.29129,-0.9176737,0.2050762,34.74558,0.04097222,0.2892403,-0.005587555,0.956363,4.680593,33.68518,0.7481735,-0.02828208,0.005633453,0.9995837,0.09959227,-0.005191628,0.7999719,0.4443315,0.01796366,35.89451,0.4954407,-0.05330864,1.720986,0.8326176,0.01301417,-0.5536953,0.0343891,0.9965801,0.07513633,0.5527796,-0.08160091,0.8293226,static,45.80714,-8.852125,16.06016,-1.774206
2248,05/08/2023 11:19:15.142151,2430,True,True,True,True,Eyes,-0.9697203,0.1944443,34.39913,0.7133871,-0.1068381,0.6925782,0.0,0.0,0.0,0.0,0.0,0.0,0.0,19.97399,-2.289976,-28.3709,-0.9147114,0.2012518,34.75967,0.0350855,0.28845,-0.01036375,0.9567958,4.193105,33.55435,0.02348807,-0.02818908,0.005628285,0.9995863,0.1023275,-0.004145563,0.7994322,0.4443315,0.01796366,35.89451,0.5052935,-0.05892954,1.705771,0.8333784,0.000408849,-0.5527028,0.04007281,0.9973232,0.06116047,0.5512483,-0.07311817,0.8311312,static,45.84794,-8.769403,16.50065,-1.978619
2249,05/08/2023 11:19:15.162381,2431,True,True,True,True,Eyes,-0.9667724,0.194715,34.41494,0.7139924,-0.1053807,0.6921776,0.0,0.0,0.0,0.0,0.0,0.0,0.0,19.97064,-2.670538,-28.35923,-0.9105803,0.2015923,34.77549,0.04190464,0.2881643,-0.01359719,0.9565671,5.048884,33.52496,359.8929,-0.02809378,0.005624813,0.999589,0.1049722,-0.003166016,0.7989707,0.4443315,0.01796366,35.89451,0.511544,-0.03400588,1.690823,0.833553,-0.001862398,-0.5524364,0.05016408,0.9961182,0.07233276,0.5501573,-0.08800565,0.8304107,static,45.88879,-8.65653,16.83274,-1.152179
2250,05/08/2023 11:19:15.182295,2432,True,True,True,True,Eyes,-0.9638091,0.1949213,34.43065,0.7145606,-0.1050329,0.6916439,0.0,0.0,0.0,0.0,0.0,0.0,0.0,19.99513,-2.446372,-28.38063,-0.9071697,0.2024007,34.7906,0.03755951,0.2886098,-0.01081165,0.9566488,4.479547,33.57814,0.05713758,-0.02799646,0.005622963,0.9995918,0.1075177,-0.002164017,0.7984453,0.4443315,0.01796366,35.89451,0.5153851,-0.0541757,1.67649,0.8331749,0.0009941934,-0.5530086,0.04236598,0.9969448,0.06562182,0.5513842,-0.07810321,0.8305873,static,45.93366,-8.634954,17.08843,-1.850866
2251,05/08/2023 11:19:15.192358,2433,True,True,True,True,Eyes,-0.9608216,0.1952661,34.44634,0.7150741,-0.1048752,0.6911368,0.0,0.0,0.0,0.0,0.0,0.0,0.0,19.95986,-3.197477,-28.34776,-0.9043486,0.2012834,34.80455,0.04963512,0.2878579,-0.01290804,0.9562989,5.875281,33.5164,0.223933,-0.02789749,0.005622206,0.9995945,0.1099565,-0.00141539,0.7976769,0.4443315,0.01796366,35.89451,0.5225284,-0.01514769,1.663517,0.8339424,0.003887829,-0.5518378,0.05326362,0.9947394,0.08750065,0.549275,-0.1023634,0.8293484,static,45.97522,-8.628409,17.43806,-0.5217106
2252,05/08/2023 11:19:15.212305,2434,True,True,True,True,Eyes,-0.9577793,0.1956434,34.46198,0.7156515,-0.1046577,0.690572,0.0,0.0,0.0,0.0,0.0,0.0,0.0,19.93388,-3.408969,-28.36002,-0.9007774,0.2049798,34.81979,0.05254808,0.2873835,-0.01228826,0.9562942,6.17501,33.47375,0.3861543,-0.02779703,0.0056231,0.9995973,0.1123215,-0.0002959386,0.7968972,0.4443315,0.01796366,35.89451,0.5291641,-0.01326586,1.648975,0.8345194,0.006700512,-0.5509378,0.05370528,0.9941754,0.09343995,0.5483548,-0.1075657,0.8292989,static,46.02174,-8.617723,17.79169,-0.4609296
2253,05/08/2023 11:19:15.232155,2435,True,True,True,True,Eyes,-0.9547332,0.196017,34.47758,0.7162094,-0.1046769,0.6899905,0.0,0.0,0.0,0.0,0.0,0.0,0.0,19.95415,-3.351149,-28.3707,-0.8973809,0.2061223,34.83456,0.05140566,0.2876715,-0.01158607,0.9562784,6.026143,33.50759,0.4273205,-0.02769514,0.005625596,0.9996001,0.1147092,0.0008535758,0.7959813,0.4443315,0.01796366,35.89451,0.5334575,-0.02055591,1.635262,0.8342217,0.007416867,-0.5513793,0.05173492,0.9944465,0.09165028,0.548997,-0.1049822,0.829205,static,46.06816,-8.626435,18.06743,-0.7201933
2254,05/08/2023 11:19:15.241954,2436,True,True,True,True,Eyes,-0.9516968,0.1964187,34.49318,0.7169319,-0.1044931,0.6892676,0.0,0.0,0.0,0.0,0.0,0.0,0.0,19.97734,-3.515744,-28.35274,-0.8942437,0.2064627,34.84953,0.05418878,0.287926,-0.01250792,0.9560366,6.362333,33.54443,0.4202014,-0.02759208,0.00562946,0.9996029,0.1169649,0.001923301,0.7950402,0.4443315,0.01796366,35.89451,0.5381296,-0.01280341,1.621587,0.8338843,0.007288664,-0.5518911,0.05512077,0.9938142,0.09641018,0.5491801,-0.1108156,0.8283243,static,46.12704,-8.620415,18.35861,-0.4523753
2255,05/08/2023 11:19:15.262249,2437,True,True,True,True,Eyes,-0.9486525,0.1968256,34.50874,0.7176598,-0.1042127,0.6885521,0.0,0.0,0.0,0.0,0.0,0.0,0.0,20.00942,-3.449268,-28.35684,-0.8909985,0.2074926,34.86471,0.05283019,0.2884234,-0.01152856,0.9559749,6.180378,33.604,0.4860006,-0.02748812,0.005634645,0.9996057,0.1190564,0.003012975,0.7941326,0.4443315,0.01796366,35.89451,0.5420745,-0.02112342,1.607859,0.833358,0.008432906,-0.5526692,0.05251695,0.9941522,0.09435847,0.5502331,-0.1076589,0.8280417,static,46.18582,-8.606422,18.63105,-0.752686
